"id","capability","donor_source","donor_symbols","destination_files_symbols","reuse_decision","dependencies","persistence","visible_route","export_scope","tests","status","remaining_blocker"
"OG-01","Create/edit/remove categorized prioritized tasks with duration/time","ui/today/TodayScreen.kt;ui/today/TodayViewModel.kt;data/model/Entities.kt","File references from matrix; symbol-level audit pending","ui/ExpandedToday.kt;data/ExpandedRepository.kt;data/ExpandedEntities.kt","Keep stronger destination CRUD and bind donor actions","Existing app stack; no donor build-stack transplant","Pending source audit","Pending route audit","Organiser allowlist only; private Safety excluded","Restart; reschedule; save error retains draft","Pending acceptance audit","Applicable implementation and journey evidence not complete"
"OG-02","Complete and undo task; daily completion summary","ui/today/TodayViewModel.kt;ui/today/TodayScreen.kt","File references from matrix; symbol-level audit pending","ui/ExpandedToday.kt;data/ExpandedRepository.kt","Keep existing record-derived implementation","Existing app stack; no donor build-stack transplant","Pending source audit","Pending route audit","Organiser allowlist only; private Safety excluded","Repeated actions; exact totals; empty and Pause states","Pending acceptance audit","Applicable implementation and journey evidence not complete"
"OG-03","Morning/afternoon/evening proposal windows with duration/task/primer","ui/today/TodayViewModel.kt:computeSuggestedBlocks;ui/today/components/StudyBlockSchedulerCard.kt","StudyBlockSchedulerCard; StudyBlockItemCard; FocusNotificationManager.scheduleBlockReminder/cancelBlockReminder; FocusReminderReceiver.onReceive","StudyBlockPlanner; StudyBlockRules; ExpandedRepository.saveStudyBlock/adoptStudyBlock; RoutineReminders; AlarmCueStore; NotificationAdapter; MainActivity/ExpandedNavigation","Reuse proposal workflow; editable templates; remove physiological inference","Existing app stack; no donor build-stack transplant","Encrypted SessionNote: study-block:<UUID>, study-block-settings; PlanItem association; opaque live cue cache excluded from archives","Today > Timeline > Study blocks; notifications > Focus/Today after authentication","Organiser allowlist only; private Safety excluded","StudyBlockRulesTest; ReminderExpiryTest; OrganiserMetadataTest; StudyBlockPersistenceTest; AlarmCuePersistenceTest","Implemented; host and persistence checks pass; UI/platform acceptance pending","Unlocked 2x UI; permission grant/deny/revoke; native schedule/cancel/quiet/global-toggle; tap journey"
"OG-04","Adopt block into Today","ui/today/TodayViewModel.kt:adoptStudyBlock","StudyBlockSchedulerCard; StudyBlockItemCard; FocusNotificationManager.scheduleBlockReminder/cancelBlockReminder; FocusReminderReceiver.onReceive","StudyBlockPlanner; StudyBlockRules; ExpandedRepository.saveStudyBlock/adoptStudyBlock; RoutineReminders; AlarmCueStore; NotificationAdapter; MainActivity/ExpandedNavigation","Add stable proposal/plan association and idempotent apply","Existing app stack; no donor build-stack transplant","Encrypted SessionNote: study-block:<UUID>, study-block-settings; PlanItem association; opaque live cue cache excluded from archives","Today > Timeline > Study blocks; notifications > Focus/Today after authentication","Organiser allowlist only; private Safety excluded","StudyBlockRulesTest; ReminderExpiryTest; OrganiserMetadataTest; StudyBlockPersistenceTest; AlarmCuePersistenceTest","Implemented; host and persistence checks pass; UI/platform acceptance pending","Unlocked 2x UI; permission grant/deny/revoke; native schedule/cancel/quiet/global-toggle; tap journey"
"OG-05","Per-block reminder toggle/cancel and lead time","ui/today/TodayViewModel.kt:toggleBlockReminder;util/FocusNotificationManager.kt","StudyBlockSchedulerCard; StudyBlockItemCard; FocusNotificationManager.scheduleBlockReminder/cancelBlockReminder; FocusReminderReceiver.onReceive","StudyBlockPlanner; StudyBlockRules; ExpandedRepository.saveStudyBlock/adoptStudyBlock; RoutineReminders; AlarmCueStore; NotificationAdapter; MainActivity/ExpandedNavigation","Extend current scheduling with durable block identity","Existing app stack; no donor build-stack transplant","Encrypted SessionNote: study-block:<UUID>, study-block-settings; PlanItem association; opaque live cue cache excluded from archives","Today > Timeline > Study blocks; notifications > Focus/Today after authentication","Organiser allowlist only; private Safety excluded","StudyBlockRulesTest; ReminderExpiryTest; OrganiserMetadataTest; StudyBlockPersistenceTest; AlarmCuePersistenceTest; RoutineSchedulingTest (2 device checks passed)","Implemented; host and persistence checks pass; UI/platform acceptance pending","Unlocked UI; denied/revoked permission; alert budget/Minimum/reboot/OEM idle and tap/auth journey"
"OG-06","Global focus reminder preference","ui/today/TodayViewModel.kt:toggleProactiveRemindersGlobal","StudyBlockSchedulerCard; StudyBlockItemCard; FocusNotificationManager.scheduleBlockReminder/cancelBlockReminder; FocusReminderReceiver.onReceive","StudyBlockPlanner; StudyBlockRules; ExpandedRepository.saveStudyBlock/adoptStudyBlock; RoutineReminders; AlarmCueStore; NotificationAdapter; MainActivity/ExpandedNavigation","Persist and cancel outstanding reminders when disabled","Existing app stack; no donor build-stack transplant","Encrypted SessionNote: study-block:<UUID>, study-block-settings; PlanItem association; opaque live cue cache excluded from archives","Today > Timeline > Study blocks; notifications > Focus/Today after authentication","Organiser allowlist only; private Safety excluded","StudyBlockRulesTest; ReminderExpiryTest; OrganiserMetadataTest; StudyBlockPersistenceTest; AlarmCuePersistenceTest; RoutineSchedulingTest (2 device checks passed)","Implemented; host and persistence checks pass; UI/platform acceptance pending","Unlocked UI; denied/revoked permission; alert budget/Minimum/reboot/OEM idle and tap/auth journey"
"OG-07","Notification permission request and state","ui/today/components/StudyBlockSchedulerCard.kt:checkAndRequestPermission","StudyBlockSchedulerCard; StudyBlockItemCard; FocusNotificationManager.scheduleBlockReminder/cancelBlockReminder; FocusReminderReceiver.onReceive","StudyBlockPlanner; StudyBlockRules; ExpandedRepository.saveStudyBlock/adoptStudyBlock; RoutineReminders; AlarmCueStore; NotificationAdapter; MainActivity/ExpandedNavigation","Reuse platform permission flow; resume relevant pending action","Existing app stack; no donor build-stack transplant","Encrypted SessionNote: study-block:<UUID>, study-block-settings; PlanItem association; opaque live cue cache excluded from archives","Today > Timeline > Study blocks; notifications > Focus/Today after authentication","Organiser allowlist only; private Safety excluded","StudyBlockRulesTest; ReminderExpiryTest; OrganiserMetadataTest; StudyBlockPersistenceTest; AlarmCuePersistenceTest","Implemented; host and persistence checks pass; UI/platform acceptance pending","Unlocked 2x UI; permission grant/deny/revoke; native schedule/cancel/quiet/global-toggle; tap journey"
"OG-08","Immediate test reminder","ui/today/TodayViewModel.kt:triggerTestFocusNotification","StudyBlockSchedulerCard; StudyBlockItemCard; FocusNotificationManager.scheduleBlockReminder/cancelBlockReminder; FocusReminderReceiver.onReceive","StudyBlockPlanner; StudyBlockRules; ExpandedRepository.saveStudyBlock/adoptStudyBlock; RoutineReminders; AlarmCueStore; NotificationAdapter; MainActivity/ExpandedNavigation","Explicitly labeled generic test action","Existing app stack; no donor build-stack transplant","Encrypted SessionNote: study-block:<UUID>, study-block-settings; PlanItem association; opaque live cue cache excluded from archives","Today > Timeline > Study blocks; notifications > Focus/Today after authentication","Organiser allowlist only; private Safety excluded","StudyBlockRulesTest; ReminderExpiryTest; OrganiserMetadataTest; StudyBlockPersistenceTest; AlarmCuePersistenceTest","Implemented; host and persistence checks pass; UI/platform acceptance pending","Unlocked 2x UI; permission grant/deny/revoke; native schedule/cancel/quiet/global-toggle; tap journey"
"OG-09","Reminder content tap opens appropriate destination","util/FocusNotificationManager.kt;receiver/FocusReminderReceiver.kt","StudyBlockSchedulerCard; StudyBlockItemCard; FocusNotificationManager.scheduleBlockReminder/cancelBlockReminder; FocusReminderReceiver.onReceive","StudyBlockPlanner; StudyBlockRules; ExpandedRepository.saveStudyBlock/adoptStudyBlock; RoutineReminders; AlarmCueStore; NotificationAdapter; MainActivity/ExpandedNavigation","Wire authenticated destination and stale-target fallback","Existing app stack; no donor build-stack transplant","Encrypted SessionNote: study-block:<UUID>, study-block-settings; PlanItem association; opaque live cue cache excluded from archives","Today > Timeline > Study blocks; notifications > Focus/Today after authentication","Organiser allowlist only; private Safety excluded","StudyBlockRulesTest; ReminderExpiryTest; OrganiserMetadataTest; StudyBlockPersistenceTest; AlarmCuePersistenceTest","Implemented; host and persistence checks pass; UI/platform acceptance pending","Unlocked 2x UI; permission grant/deny/revoke; native schedule/cancel/quiet/global-toggle; tap journey"
"OG-10","Add/delete habit; category/color/schedule intent","ui/today/components/HabitTrackerComponent.kt:AddHabitDialog;ui/today/TodayViewModel.kt","File references from matrix; symbol-level audit pending","data/HabitDefinition;data/HabitVersion;ui/ExpandedToday.kt","Keep richer historical versioning; map optional presentation metadata","Existing app stack; no donor build-stack transplant","Pending source audit","Pending route audit","Organiser allowlist only; private Safety excluded","Edit effective day; archive retains history; no destructive deletion","Pending acceptance audit","Applicable implementation and journey evidence not complete"
"OG-11","Habit completion and undo","data/repository/SteadyRepository.kt:toggleHabitCompletion","File references from matrix; symbol-level audit pending","data/ExpandedRepository.kt;domain/ActivityRules.kt:HabitRules","Keep per-occurrence logs and duplicate protection","Existing app stack; no donor build-stack transplant","Pending source audit","Pending route audit","Organiser allowlist only; private Safety excluded","Duplicate events; undo twice; new day; scheduled vs not due","Pending acceptance audit","Applicable implementation and journey evidence not complete"
"OG-12","Daily habit momentum summary","ui/today/components/HabitTrackerComponent.kt:HabitTrackerSection","File references from matrix; symbol-level audit pending","ui/ExpandedToday.kt;ui/DashboardMetrics.kt","Bind to eligible dated occurrences","Existing app stack; no donor build-stack transplant","Pending source audit","Pending route audit","Organiser allowlist only; private Safety excluded","Skipped/Pause/Minimum correct denominators; zero/empty","Pending acceptance audit","Applicable implementation and journey evidence not complete"
"OG-13","Current/best consistency summary","ui/today/components/HabitTrackerComponent.kt:StreakBadge","File references from matrix; symbol-level audit pending","ReviewChartRules; FocusRestChart; HabitWeekHistory; TaskTimeline; ExpandedReview","Optional neutral derived summary; no compulsory reward","Existing app stack; no donor build-stack transplant","Existing historical segments/occurrences/versions/day policies; no synthetic records","Review > Focus/rest > selected day; Today > Habits/Timeline","Organiser allowlist only; private Safety excluded","ReviewChartRulesTest; AccessibleJourneysTest graph/history journeys compiled, not yet passed","Implemented; deterministic host checks pass; new UI checks pending","Unlocked device UI, synthetic graph inspection and complete row acceptance"
"OG-14","Seven-day visual history","ui/today/components/HabitTrackerComponent.kt:StreakWeekVisualizer","File references from matrix; symbol-level audit pending","ReviewChartRules; FocusRestChart; HabitWeekHistory; TaskTimeline; ExpandedReview","Reuse history interaction using actual dates/states","Existing app stack; no donor build-stack transplant","Existing historical segments/occurrences/versions/day policies; no synthetic records","Review > Focus/rest > selected day; Today > Habits/Timeline","Organiser allowlist only; private Safety excluded","ReviewChartRulesTest; AccessibleJourneysTest graph/history journeys compiled, not yet passed","Implemented; deterministic host checks pass; new UI checks pending","Unlocked device UI, synthetic graph inspection and complete row acceptance"
"OG-15","Water/focus/pause/movement mini-summary matrix","ui/today/components/BlossomHabitMatrix.kt","File references from matrix; symbol-level audit pending","RecordedMiniMatrix; ExpandedToday; focusRestRows; activityMillis; HistoryEditor","Use current cards; bind all summaries to supporting records","Existing app stack; no donor build-stack transplant","Existing encrypted actual water/activity/segment records; creates no new records","Today > Recorded day > supporting records","Organiser allowlist only; private Safety excluded","Host build/44 unit checks pass; Daybook Dark 2x matrix journey compiled, device pending","Implemented; unlocked UI/visual acceptance pending","Keyguard showing; run/inspect four detail sheets, large text and historical correction"
"OG-16","Quick serving addition and target progress","ui/today/components/BlossomHabitMatrix.kt;data/repository/SteadyRepository.kt:addWaterSip","File references from matrix; symbol-level audit pending","ExpandedHealth; AnimatedWaterFill; WaterEditor; ExpandedRepository.saveWater/deleteWater","Keep configurable serving logs and undo; remove cap/default activity","Existing app stack; no donor build-stack transplant","Encrypted WaterLog and target profile","Health > Water","Organiser allowlist only; private Safety excluded","m10-ui.md: both water QA journeys passed at c8b2298; current UI rerun pending","Save/undo verified in both themes; full row audit pending","Current UI regression and edit/delete/no-target row checks"
"OG-17","Three animated concentric progress channels and legends","ui/today/components/KineticTriRings.kt","File references from matrix; symbol-level audit pending","RichProgress.ConcentricSummary; DashboardMetrics; ExpandedFocus.FocusRings","Reuse valid geometry/behavior with existing UI; fix bounds","Existing app stack; no donor build-stack transplant","Actual organiser records and owner-selected targets","Today > Summary; Focus","Organiser allowlist only; private Safety excluded","ChartRulesTest; m10-ui.md","Dashboard implemented and prior QA passed; Focus/full row checks pending","Current device visual inspection and all arc/goal cases"
"OG-18","Calories/steps/active-time channels and goal values","data/model/Entities.kt:KineticDailyTelemetry;ui/today/components/KineticTriRings.kt","File references from matrix; symbol-level audit pending","data/ActivityObservation;data/EnergyEstimate;data/ExpandedProfile","Keep configurable channels; only source-backed metrics or explicit estimates","Existing app stack; no donor build-stack transplant","Pending source audit","Pending route audit","Organiser allowlist only; private Safety excluded","Unknown is unavailable; no seeded calories/steps; overlap handled","Pending acceptance audit","Applicable implementation and journey evidence not complete"
"OG-19","Live sensor/elevation/calorie-rate ticker","ui/today/components/KineticTriRings.kt","File references from matrix; symbol-level audit pending","platform/PlatformSensors.kt;ui/ExpandedHealthWidgets.kt","Account as unsupported source claims; enable only genuine capabilities","Existing app stack; no donor build-stack transplant","Pending source audit","Pending route audit","Organiser allowlist only; private Safety excluded","Unavailable by default; actual provenance; no fake gyro/posture","Pending acceptance audit","Applicable implementation and journey evidence not complete"
"OG-20","Day curve and colored event markers","ui/today/components/CircadianHorizonChart.kt","File references from matrix; symbol-level audit pending","ReviewChartRules; FocusRestChart; HabitWeekHistory; TaskTimeline; ExpandedReview","Retain horizon meaning with actual plan/activity or explicit self-report","Existing app stack; no donor build-stack transplant","Existing historical segments/occurrences/versions/day policies; no synthetic records","Review > Focus/rest > selected day; Today > Habits/Timeline","Organiser allowlist only; private Safety excluded","ReviewChartRulesTest; AccessibleJourneysTest graph/history journeys compiled, not yet passed","Implemented; deterministic host checks pass; new UI checks pending","Unlocked device UI, synthetic graph inspection and complete row acceptance"
"OG-21","Current-time pulsing beacon","ui/today/components/CircadianHorizonChart.kt","File references from matrix; symbol-level audit pending","ReviewChartRules; FocusRestChart; HabitWeekHistory; TaskTimeline; ExpandedReview","Bind injected clock to horizon and reduced-motion preference","Existing app stack; no donor build-stack transplant","Existing historical segments/occurrences/versions/day policies; no synthetic records","Review > Focus/rest > selected day; Today > Habits/Timeline","Organiser allowlist only; private Safety excluded","ReviewChartRulesTest; AccessibleJourneysTest graph/history journeys compiled, not yet passed","Implemented; deterministic host checks pass; new UI checks pending","Unlocked device UI, synthetic graph inspection and complete row acceptance"
"OG-22","Study/workout/reflection schedule nodes","ui/today/components/CircadianHorizonChart.kt","File references from matrix; symbol-level audit pending","ui/TaskTimeline.kt;ui/ExpandedToday.kt","Use real supporting events and destination navigation","Existing app stack; no donor build-stack transplant","Pending source audit","Pending route audit","Organiser allowlist only; private Safety excluded","Changed/rescheduled/deleted record reflected; tap routes correctly","Pending acceptance audit","Applicable implementation and journey evidence not complete"
"OG-23","Four study/rest presets and subject entry","ui/break_timer/BreakViewModel.kt;ui/break_timer/BreakScreen.kt","File references from matrix; symbol-level audit pending","ui/ExpandedFocus.kt;data/ActivityRepository.kt","Keep persisted presets plus custom/open-ended and associations","Existing app stack; no donor build-stack transplant","Pending source audit","Pending route audit","Organiser allowlist only; private Safety excluded","Selected preset survives appropriate state; no silent active reset","Pending acceptance audit","Applicable implementation and journey evidence not complete"
"OG-24","Start/pause/resume/reset/mode switch","ui/break_timer/BreakViewModel.kt","File references from matrix; symbol-level audit pending","data/ActivityRepository.kt;domain/ActivityRules.kt;platform/ActivityAlarmAdapter.kt","Bind actions to existing durable activity engine","Existing app stack; no donor build-stack transplant","Pending source audit","Pending route audit","Organiser allowlist only; private Safety excluded","Paused time excluded; rotation/process death; stale callback","Pending acceptance audit","Applicable implementation and journey evidence not complete"
"OG-25","Skip next phase and save completed/partial session","ui/break_timer/BreakViewModel.kt:skipToNextPhase;logCompletedStudySession","File references from matrix; symbol-level audit pending","data/ActivityRepository.kt;ui/ExpandedFocus.kt","Correct to actual immutable snapshot; optional rating","Existing app stack; no donor build-stack transplant","Pending source audit","Pending route audit","Organiser allowlist only; private Safety excluded","2m skip25m records2m; zero/discard; duplicate finish only once","Pending acceptance audit","Applicable implementation and journey evidence not complete"
"OG-26","Study-to-break and break-to-study transition","ui/break_timer/BreakViewModel.kt:switchToBreakPhase;switchToStudyPhase","File references from matrix; symbol-level audit pending","data/ActivitySession;data/ActivitySegment;ui/ExpandedFocus.kt","Persist phase transitions and actual rest separately","Existing app stack; no donor build-stack transplant","Pending source audit","Pending route audit","Organiser allowlist only; private Safety excluded","Partial/skip/cancel break totals; portable round-trip; recreation","Pending acceptance audit","Applicable implementation and journey evidence not complete"
"OG-27","Timer ring/countdown/session count/recent session list","ui/break_timer/BreakScreen.kt;ui/break_timer/BreakViewModel.kt","File references from matrix; symbol-level audit pending","ui/ExpandedFocus.kt;ui/ExpandedReview.kt","Keep current timer UI; real totals/detail actions","Existing app stack; no donor build-stack transplant","Pending source audit","Pending route audit","Organiser allowlist only; private Safety excluded","Time read action; no second-by-second TalkBack; max text","Pending acceptance audit","Applicable implementation and journey evidence not complete"
"OG-28","Dim screen exit and comfortable breathing","ui/break_timer/DimScreenOverlay.kt","File references from matrix; symbol-level audit pending","ui/ExpandedFocus.kt;ui/ExpandedToday.kt:PocketReset","Keep current dim layout; skippable comfortable prompts","Existing app stack; no donor build-stack transplant","Pending source audit","Pending route audit","Organiser allowlist only; private Safety excluded","Exit/Stop/Safety; insets; motion off; brightness restoration if changed","Pending acceptance audit","Applicable implementation and journey evidence not complete"
"OG-29","Adjustable voluntary practice duration and countdown","ui/today/components/RegainImpulseShieldCard.kt","AmbientSoundEngine.start/setSound/setVolumeLevel/stop/release; scene/portal/pause components listed in matrix","PcmSoundGenerator; AudioSoundscapeEngine; AmbientAudioCard; StudySetsCard; LiveScratchpad; VoluntaryPause","Keep voluntary outcomes/bypass; factual duration/count; no forced hold","Existing app stack; no donor build-stack transplant","Encrypted ambient:preferences; actual ActivitySession and InterruptionEvent records","Focus > Audio/portal/practice pause","Organiser allowlist only; private Safety excluded","PcmSoundGeneratorTest; AudioPlaybackTest; AccessibleJourneysTest audio/pause journeys compiled, not yet passed","Implemented; host generation checks pass; new device journeys pending","Unlocked playback, all switches/mute/lifecycle/focus interruption and UI acceptance"
"OG-30","App-blocking and time-saved claims","ui/today/components/RegainImpulseShieldCard.kt","File references from matrix; symbol-level audit pending","UsageDurationRules; UsageInterceptor; ExpandedUsageInsights; ExpandedSettings","Correct claims; usage summaries distinct from gate capability","Existing app stack; no donor build-stack transplant","Usage read on demand; never exported/persisted/sent","Settings > Usage Access; Focus > voluntary pause","Organiser allowlist only; private Safety excluded","UsageDurationRulesTest; permission/lifecycle device journey pending","Claims corrected; real Usage Access wired; cross-app interception unavailable","Granted/revoked access device checks; no permitted interception service implemented"
"OG-31","Forest/rain/brown/white/modulated-tone/campfire generation","ui/break_timer/audio/AmbientSoundEngine.kt","AmbientSoundEngine.start/setSound/setVolumeLevel/stop/release; scene/portal/pause components listed in matrix","PcmSoundGenerator; AudioSoundscapeEngine; AmbientAudioCard; StudySetsCard; LiveScratchpad; VoluntaryPause","Port compatible generator after provenance review; honest labels","Existing app stack; no donor build-stack transplant","Encrypted ambient:preferences; actual ActivitySession and InterruptionEvent records","Focus > Audio/portal/practice pause","Organiser allowlist only; private Safety excluded","PcmSoundGeneratorTest; AudioPlaybackTest; AccessibleJourneysTest audio/pause journeys compiled, not yet passed","Implemented; host generation checks pass; new device journeys pending","Unlocked playback, all switches/mute/lifecycle/focus interruption and UI acceptance"
"OG-32","Play/stop/release and real playing state","ui/break_timer/audio/AmbientSoundEngine.kt:start;stop;release","AmbientSoundEngine.start/setSound/setVolumeLevel/stop/release; scene/portal/pause components listed in matrix","PcmSoundGenerator; AudioSoundscapeEngine; AmbientAudioCard; StudySetsCard; LiveScratchpad; VoluntaryPause","Replace mocked destination player and harden lifecycle","Existing app stack; no donor build-stack transplant","Encrypted ambient:preferences; actual ActivitySession and InterruptionEvent records","Focus > Audio/portal/practice pause","Organiser allowlist only; private Safety excluded","PcmSoundGeneratorTest; AudioPlaybackTest; AccessibleJourneysTest audio/pause journeys compiled, not yet passed","Implemented; host generation checks pass; new device journeys pending","Unlocked playback, all switches/mute/lifecycle/focus interruption and UI acceptance"
"OG-33","Sound selection during playback","ui/break_timer/BreakViewModel.kt:selectAmbientSound","AmbientSoundEngine.start/setSound/setVolumeLevel/stop/release; scene/portal/pause components listed in matrix","PcmSoundGenerator; AudioSoundscapeEngine; AmbientAudioCard; StudySetsCard; LiveScratchpad; VoluntaryPause","Bind current sound pills to real engine","Existing app stack; no donor build-stack transplant","Encrypted ambient:preferences; actual ActivitySession and InterruptionEvent records","Focus > Audio/portal/practice pause","Organiser allowlist only; private Safety excluded","PcmSoundGeneratorTest; AudioPlaybackTest; AccessibleJourneysTest audio/pause journeys compiled, not yet passed","Implemented; host generation checks pass; new device journeys pending","Unlocked playback, all switches/mute/lifecycle/focus interruption and UI acceptance"
"OG-34","Independent0..1 volume","ui/break_timer/BreakViewModel.kt:setAmbientVolume;AmbientSoundGeneratorCard.kt","AmbientSoundEngine.start/setSound/setVolumeLevel/stop/release; scene/portal/pause components listed in matrix","PcmSoundGenerator; AudioSoundscapeEngine; AmbientAudioCard; StudySetsCard; LiveScratchpad; VoluntaryPause","Reuse bounded volume and accessible control","Existing app stack; no donor build-stack transplant","Encrypted ambient:preferences; actual ActivitySession and InterruptionEvent records","Focus > Audio/portal/practice pause","Organiser allowlist only; private Safety excluded","PcmSoundGeneratorTest; AudioPlaybackTest; AccessibleJourneysTest audio/pause journeys compiled, not yet passed","Implemented; host generation checks pass; new device journeys pending","Unlocked playback, all switches/mute/lifecycle/focus interruption and UI acceptance"
"OG-35","Opt-in timer-linked auto-play/pause","ui/break_timer/BreakViewModel.kt;AmbientSoundGeneratorCard.kt","AmbientSoundEngine.start/setSound/setVolumeLevel/stop/release; scene/portal/pause components listed in matrix","PcmSoundGenerator; AudioSoundscapeEngine; AmbientAudioCard; StudySetsCard; LiveScratchpad; VoluntaryPause","Persist opt-in; couple real activity lifecycle; independent manual mode","Existing app stack; no donor build-stack transplant","Encrypted ambient:preferences; actual ActivitySession and InterruptionEvent records","Focus > Audio/portal/practice pause","Organiser allowlist only; private Safety excluded","PcmSoundGeneratorTest; AudioPlaybackTest; AccessibleJourneysTest audio/pause journeys compiled, not yet passed","Implemented; host generation checks pass; new device journeys pending","Unlocked playback, all switches/mute/lifecycle/focus interruption and UI acceptance"
"OG-36","Three nature scene choices and sound association","AmbientSoundGeneratorCard.kt:NatureLandscapeScene;res/drawable/img_*_portal.xml","AmbientSoundEngine.start/setSound/setVolumeLevel/stop/release; scene/portal/pause components listed in matrix","PcmSoundGenerator; AudioSoundscapeEngine; AmbientAudioCard; StudySetsCard; LiveScratchpad; VoluntaryPause","Reuse assets once; preserve current design and manual override","Existing app stack; no donor build-stack transplant","Encrypted ambient:preferences; actual ActivitySession and InterruptionEvent records","Focus > Audio/portal/practice pause","Organiser allowlist only; private Safety excluded","PcmSoundGeneratorTest; AudioPlaybackTest; AccessibleJourneysTest audio/pause journeys compiled, not yet passed","Implemented; host generation checks pass; new device journeys pending","Unlocked playback, all switches/mute/lifecycle/focus interruption and UI acceptance"
"OG-37","Full-screen portal play/volume/close","AmbientSoundGeneratorCard.kt:FocusPortalFullscreenDialog","AmbientSoundEngine.start/setSound/setVolumeLevel/stop/release; scene/portal/pause components listed in matrix","PcmSoundGenerator; AudioSoundscapeEngine; AmbientAudioCard; StudySetsCard; LiveScratchpad; VoluntaryPause","Integrate existing full-screen style; controls functional and Safety available","Existing app stack; no donor build-stack transplant","Encrypted ambient:preferences; actual ActivitySession and InterruptionEvent records","Focus > Audio/portal/practice pause","Organiser allowlist only; private Safety excluded","PcmSoundGeneratorTest; AudioPlaybackTest; AccessibleJourneysTest audio/pause journeys compiled, not yet passed","Implemented; host generation checks pass; new device journeys pending","Unlocked playback, all switches/mute/lifecycle/focus interruption and UI acceptance"
"OG-38","Animated sound bars and breathing decoration","AmbientSoundGeneratorCard.kt:AudioWaveVisualizer","AmbientSoundEngine.start/setSound/setVolumeLevel/stop/release; scene/portal/pause components listed in matrix","PcmSoundGenerator; AudioSoundscapeEngine; AmbientAudioCard; StudySetsCard; LiveScratchpad; VoluntaryPause","Retain optional decorative behavior in current style","Existing app stack; no donor build-stack transplant","Encrypted ambient:preferences; actual ActivitySession and InterruptionEvent records","Focus > Audio/portal/practice pause","Organiser allowlist only; private Safety excluded","PcmSoundGeneratorTest; AudioPlaybackTest; AccessibleJourneysTest audio/pause journeys compiled, not yet passed","Implemented; host generation checks pass; new device journeys pending","Unlocked playback, all switches/mute/lifecycle/focus interruption and UI acceptance"
"OG-39","Image-generation quota dialog","AmbientSoundGeneratorCard.kt:showAiQuotaDialog","File references from matrix; symbol-level audit pending","AmbientAudioCard; LicensesScreen; steady-og-source.txt","Exclude false claim; factual asset provenance only","Existing app stack; no donor build-stack transplant","Encrypted scene selection; bundled vector resources","Focus > Scene/portal; Settings > Notices","Organiser allowlist only; private Safety excluded","Asset hash/provenance audit; scene UI journey pending","Fabricated quota omitted; actual offline scene assets retained","Device scene controls verification; image generation not implemented or falsely advertised"
"OG-40","Five donor workout modes","ui/health/HealthViewModel.kt:availableModes;HealthScreen.kt","File references from matrix; symbol-level audit pending","ui/ExpandedHealth.kt;ui/WorkoutControls.kt","Retain stronger seven destination modes and useful manual templates","Existing app stack; no donor build-stack transplant","Pending source audit","Pending route audit","Organiser allowlist only; private Safety excluded","Each mode reachable; no implied external integration","Pending acceptance audit","Applicable implementation and journey evidence not complete"
"OG-41","Workout start/cancel/finish and elapsed display","ui/health/HealthViewModel.kt","File references from matrix; symbol-level audit pending","data/ActivityRepository.kt;ui/ExpandedHealth.kt","Keep durable time and explicit partial/discard flow","Existing app stack; no donor build-stack transplant","Pending source audit","Pending route audit","Organiser allowlist only; private Safety excluded","Canceled/zero length adds no artificial work; restart; pause exclusion","Pending acceptance audit","Applicable implementation and journey evidence not complete"
"OG-42","Manual rep increment and notes","ui/health/HealthViewModel.kt:incrementRep;finishAndSaveWorkout","File references from matrix; symbol-level audit pending","ui/ExpandedHealth.kt:SetEditor;data/ExerciseSet","Keep sets/reps/load/rest; integrate functional notes/count choice","Existing app stack; no donor build-stack transplant","Pending source audit","Pending route audit","Organiser allowlist only; private Safety excluded","Manual rep/set corrections; notes persisted; bodyweight valid","Pending acceptance audit","Applicable implementation and journey evidence not complete"
"OG-43","Workout history/delete and totals","data/repository/SteadyRepository.kt:logWorkout;deleteWorkout;HealthViewModel.kt","File references from matrix; symbol-level audit pending","ui/ExpandedReview.kt;data/ActivityRepository.kt","Derive/recompute from underlying records","Existing app stack; no donor build-stack transplant","Pending source audit","Pending route audit","Organiser allowlist only; private Safety excluded","Edit/delete updates all rings/charts/history","Pending acceptance audit","Applicable implementation and journey evidence not complete"
"OG-44","MET activity energy estimate","ui/health/HealthViewModel.kt;data/model/Entities.kt:WorkoutSession","File references from matrix; symbol-level audit pending","data/EnergyEstimate;domain;ui/ExpandedHealth.kt","Optional explicit estimate with verified method and real inputs","Existing app stack; no donor build-stack transplant","Pending source audit","Pending route audit","Organiser allowlist only; private Safety excluded","No weight means no estimate; zero valid; gross/active/overlap documented","Pending acceptance audit","Applicable implementation and journey evidence not complete"
"OG-45","Steps/cadence/sensor interpretation","ui/health/HealthViewModel.kt:finishAndSaveWorkout;KineticTriRings.kt","File references from matrix; symbol-level audit pending","platform/PlatformSensors.kt;data/ActivityObservation","Observed source or unavailable; replace current fixed168SPM","Existing app stack; no donor build-stack transplant","Pending source audit","Pending route audit","Organiser allowlist only; private Safety excluded","Permission/device/reboot/reset/timestamps; stop releases listener","Pending acceptance audit","Applicable implementation and journey evidence not complete"
"OG-46","Custom food idea create/detail/favorite/delete","ui/today/TodayViewModel.kt;TodayScreen.kt:FoodIdeaCard;FoodDetailDialog;AddCustomFoodDialog","File references from matrix; symbol-level audit pending","FoodEditor; RecipeContextSummary; MealPlanEditor; FoodPlanningRules; ExpandedRepository.saveRecipe/adoptMeal; TaskEditor","Keep richer editable library and neutral factual language","Existing app stack; no donor build-stack transplant","Existing encrypted food/plan tables plus typed recipe-context and meal-adoption metadata","Health > Food > Add/edit/Schedule this meal; Today > Food task","Organiser backup allowlist; metadata excluded from scratchpad Markdown; no Safety/credentials","FoodPlanningRulesTest; FoodPlanningPersistenceTest passed; Daybook Dark 2x Food journey compiled, not yet passed","Implemented manual workflow; host and encrypted storage checks pass; UI/connected portions pending","Unlocked UI/accessibility/drafts journey; connected search and proposal reuse remain separate pending work"
"OG-47","Prep-time choices and pantry/custom ingredients","ui/today/components/BrainMealSuggestionCard.kt","File references from matrix; symbol-level audit pending","FoodEditor; RecipeContextSummary; MealPlanEditor; FoodPlanningRules; ExpandedRepository.saveRecipe/adoptMeal; TaskEditor","Retain input functionality using current UI and encrypted draft policy","Existing app stack; no donor build-stack transplant","Existing encrypted food/plan tables plus typed recipe-context and meal-adoption metadata","Health > Food > Add/edit/Schedule this meal; Today > Food task","Organiser backup allowlist; metadata excluded from scratchpad Markdown; no Safety/credentials","FoodPlanningRulesTest; FoodPlanningPersistenceTest passed; Daybook Dark 2x Food journey compiled, not yet passed","Implemented manual workflow; host and encrypted storage checks pass; UI/connected portions pending","Unlocked UI/accessibility/drafts journey; connected search and proposal reuse remain separate pending work"
"OG-48","Meal type and chosen context","BrainMealSuggestionCard.kt:selectedMealType;selectedGoal","File references from matrix; symbol-level audit pending","FoodEditor; RecipeContextSummary; MealPlanEditor; FoodPlanningRules; ExpandedRepository.saveRecipe/adoptMeal; TaskEditor","Functional meal-type choice; neutral optional context","Existing app stack; no donor build-stack transplant","Existing encrypted food/plan tables plus typed recipe-context and meal-adoption metadata","Health > Food > Add/edit/Schedule this meal; Today > Food task","Organiser backup allowlist; metadata excluded from scratchpad Markdown; no Safety/credentials","FoodPlanningRulesTest; FoodPlanningPersistenceTest passed; Daybook Dark 2x Food journey compiled, not yet passed","Implemented manual workflow; host and encrypted storage checks pass; UI/connected portions pending","Unlocked UI/accessibility/drafts journey; connected search and proposal reuse remain separate pending work"
"OG-49","Search recipe ideas with Google grounding","data/ai/GeminiService.kt;TodayViewModel.kt:searchFoodIdeasWithGoogle","File references from matrix; symbol-level audit pending","Connected provider interface;structured recipe proposal","Port intent in Gemini BYOK variant with actual sources","Existing app stack; no donor build-stack transplant","Pending source audit","Pending route audit","Selected organiser fields only; Safety/contacts/credentials structurally excluded","Offline/quota/cancel; no fake citations or malformed accepted recipe","Connected implementation pending","Isolated Gemini BYOK transport/protected key/exact preview/editable transactional apply and deterministic checks; live test needs owner-entered key"
"OG-50","Constrained generated meal result","SteadyRepository.kt:recommendIntelligentBrainMeal;parseBrainMealSuggestion","File references from matrix; symbol-level audit pending","Connected provider;FoodIdeaRecord;typed proposal","Bounded structured validation and edit preview; no invented successful parse","Existing app stack; no donor build-stack transplant","Pending source audit","Pending route audit","Selected organiser fields only; Safety/contacts/credentials structurally excluded","Missing/invalid fields rejected; user limits; no clinical promise","Connected implementation pending","Isolated Gemini BYOK transport/protected key/exact preview/editable transactional apply and deterministic checks; live test needs owner-entered key"
"OG-51","Save generated/searched recipe into ideas/favorites","TodayViewModel.kt:saveBrainMealToIdeas;saveSearchedFoodToIdeas","File references from matrix; symbol-level audit pending","data/ExpandedRepository.kt;FoodIdeaRecord","Apply selected edited recipe once with provenance","Existing app stack; no donor build-stack transplant","Pending source audit","Pending route audit","Selected organiser fields only; Safety/contacts/credentials structurally excluded","Repeated apply; failure retained; genuine title/ingredients/instructions","Connected implementation pending","Isolated Gemini BYOK transport/protected key/exact preview/editable transactional apply and deterministic checks; live test needs owner-entered key"
"OG-52","Schedule meal as Food task/break","TodayViewModel.kt:scheduleMealAsBreak","File references from matrix; symbol-level audit pending","FoodEditor; RecipeContextSummary; MealPlanEditor; FoodPlanningRules; ExpandedRepository.saveRecipe/adoptMeal; TaskEditor","Editable date/time/duration proposal; scheduling distinct from eating","Existing app stack; no donor build-stack transplant","Existing encrypted food/plan tables plus typed recipe-context and meal-adoption metadata","Health > Food > Add/edit/Schedule this meal; Today > Food task","Organiser backup allowlist; metadata excluded from scratchpad Markdown; no Safety/credentials","FoodPlanningRulesTest; FoodPlanningPersistenceTest passed; Daybook Dark 2x Food journey compiled, not yet passed","Implemented manual workflow; host and encrypted storage checks pass; UI/connected portions pending","Unlocked UI/accessibility/drafts journey; connected search and proposal reuse remain separate pending work"
"OG-53","Selected day/recent dates/past review navigation","ui/review/ReviewViewModel.kt;ReviewScreen.kt","File references from matrix; symbol-level audit pending","ui/ExpandedReview.kt;domain/LogicalDayPolicy.kt","Keep week/month/arbitrary-date navigation and historical snapshots","Existing app stack; no donor build-stack transplant","Pending source audit","Pending route audit","Organiser allowlist only; private Safety excluded","Date changes and late results do not overwrite another day","Pending acceptance audit","Applicable implementation and journey evidence not complete"
"OG-54","Paired daily focus/rest bars and minute axes","ui/review/components/D3WeeklyFocusChartCard.kt","File references from matrix; symbol-level audit pending","ReviewChartRules; FocusRestChart; HabitWeekHistory; TaskTimeline; ExpandedReview","Retain graph behavior in destination styling; no runtimeCDN","Existing app stack; no donor build-stack transplant","Existing historical segments/occurrences/versions/day policies; no synthetic records","Review > Focus/rest > selected day; Today > Habits/Timeline","Organiser allowlist only; private Safety excluded","ReviewChartRulesTest; AccessibleJourneysTest graph/history journeys compiled, not yet passed","Implemented; deterministic host checks pass; new UI checks pending","Unlocked device UI, synthetic graph inspection and complete row acceptance"
"OG-55","Totals and focus ratio","D3WeeklyFocusChartCard.kt;ReviewViewModel.kt:computeWeeklyFocusBreakMetrics","File references from matrix; symbol-level audit pending","ReviewChartRules; FocusRestChart; HabitWeekHistory; TaskTimeline; ExpandedReview","Actual durations; nullable zero-denominator ratio","Existing app stack; no donor build-stack transplant","Existing historical segments/occurrences/versions/day policies; no synthetic records","Review > Focus/rest > selected day; Today > Habits/Timeline","Organiser allowlist only; private Safety excluded","ReviewChartRulesTest; AccessibleJourneysTest graph/history journeys compiled, not yet passed","Implemented; deterministic host checks pass; new UI checks pending","Unlocked device UI, synthetic graph inspection and complete row acceptance"
"OG-56","Tap day bar to inspect data","D3WeeklyFocusChartCard.kt:showTooltip;buildD3Html","File references from matrix; symbol-level audit pending","ReviewChartRules; FocusRestChart; HabitWeekHistory; TaskTimeline; ExpandedReview","Preserve selection/detail plus supporting records and readable list","Existing app stack; no donor build-stack transplant","Existing historical segments/occurrences/versions/day policies; no synthetic records","Review > Focus/rest > selected day; Today > Habits/Timeline","Organiser allowlist only; private Safety excluded","ReviewChartRulesTest; AccessibleJourneysTest graph/history journeys compiled, not yet passed","Implemented; deterministic host checks pass; new UI checks pending","Unlocked device UI, synthetic graph inspection and complete row acceptance"
"OG-57","Optional mood/energy/highlight/obstacle/tomorrow reflection","ReviewViewModel.kt:saveReview;ReviewScreen.kt","ReviewViewModel.saveReview; ReviewScreen daily fields","ui/ExpandedReview daily/week/month;ExpandedViewModel.openDraft/retryDraft;domain/ReflectionDraftRules.rating;data/ExpandedRepository.saveReflection","Keep nullable owner-entered fields and richer prompts","Existing app stack; no donor build-stack transplant","Encrypted nullable ratings and prose; encrypted draft readiness/retry with old-field defaults","Review > View one day / week / month > reflection","Organiser allowlist only; private Safety excluded","m10-review-drafts.md: 49 unit; 6 device storage/history/import; compiled 2x Daybook Dark journey pending","Implemented; host/native verified; UI acceptance pending","Unlocked daily/period Review UI/accessibility acceptance"
"OG-58","Public country help directory and selection","ui/safety/SafetyViewModel.kt:computeNumbers;SafetyScreen.kt","File references from matrix; symbol-level audit pending","ui/PublicSafetyPanel.kt;platform/BootstrapStore.kt;domain/SafetyModels.kt","Keep independent shell; verified per-region data and review date","Existing app stack; no donor build-stack transplant","Pending source audit","Pending route audit","Organiser allowlist only; private Safety excluded","Airplane/lock/corruptstores/authcancel; correct region/service/channel","Pending acceptance audit","Applicable implementation and journey evidence not complete"
"OG-59","Private extra notes with category/create/edit/delete/pin","SafetyViewModel.kt;SafetyScreen.kt:AddEditSafetyNoteDialog;SafetyNoteCard","AddEditSafetyNoteDialog; SafetyNoteCard; insertNote; deleteNote","data/PrivateSafetyNotes.kt;PrivateSafetyRepository.notes/saveNote/saveNoteDraft/pinNote/deleteNote;ui/SafetyNotesPanel.kt;SafetyNotesViewModel.kt","Add equivalent additional notes only in encrypted private store","Existing app stack; no donor build-stack transplant","Independent SQLCipher private database schema3; explicit 2-to-3 migration; durable revision-guarded note drafts","Safety > unmask > private notes","Private notes and contacts excluded from ordinary organiser export/backup/prompts","m10-private-notes.md: 45 unit; 29 native checks; compiled UI journey pending","Implemented; host and storage/platform verified; UI acceptance pending","Unlocked phone UI/accessibility acceptance; no private Safety screenshots"
"OG-60","On-screen privacy mask","SafetyViewModel.kt:togglePrivacyShield;SafetyScreen.kt","togglePrivacyShield","ui/SafetyScreen.kt masked; lifecycle ON_STOP; SafetyNotesPanel","Reuse mask as supplement to real auth and secure window","Existing app stack; no donor build-stack transplant","Mask defaults enabled per screen lifetime; resets on background","Safety privacy mask control","Private notes and contacts excluded from ordinary organiser export/backup/prompts","m10-private-notes.md: 45 unit; 29 native checks; compiled UI journey pending","Implemented; host and storage/platform verified; UI acceptance pending","Unlocked phone UI/accessibility acceptance; no private Safety screenshots"
"OG-61","Trusted/campus contacts editor","SafetyViewModel.kt:updateCustomContacts;SafetyScreen.kt:ConfigureContactsDialog","File references from matrix; symbol-level audit pending","data/PrivateSafetyRepository.kt;domain/SupportContact;ui/SafetyScreen.kt","Persist encrypted contacts; keep distinct from public directory","Existing app stack; no donor build-stack transplant","Pending source audit","Pending route audit","Organiser allowlist only; private Safety excluded","Restart; invalid input; no ordinary export/AI","Pending acceptance audit","Applicable implementation and journey evidence not complete"
"OG-62","Dial and SMS composer","SafetyScreen.kt:dialNumber;sendSosSms;EmergencyNumberRow","dialNumber;sendSosSms","platform/DialerAdapter.openSmsComposer/openDialer;ui/SafetyScreen.kt","Explicit dial/composer preview for applicable channel; visible failure","Existing app stack; no donor build-stack transplant","Existing encrypted contacts; no message persistence","Safety > unmask > contact dial or SMS composer","Private notes and contacts excluded from ordinary organiser export/backup/prompts","m10-private-notes.md: 45 unit; 29 native checks; compiled UI journey pending","Implemented; host and storage/platform verified; UI acceptance pending","Unlocked phone UI/accessibility acceptance; no private Safety screenshots"
"OG-63","Sensory grounding sequence","SafetyScreen.kt:SensoryGroundingDialog","SensoryGroundingDialog","ui/SensoryGrounding.kt;PublicSafetyPanel.kt","Port optional skippable content; avoid safety assertion","Existing app stack; no donor build-stack transplant","Public ephemeral optional sequence; no personal input","Global Safety public help > grounding","Private notes and contacts excluded from ordinary organiser export/backup/prompts","m10-private-notes.md: 45 unit; 29 native checks; compiled UI journey pending","Implemented; host and storage/platform verified; UI acceptance pending","Unlocked phone UI/accessibility acceptance; no private Safety screenshots"
"OG-64","Record count summary","ui/settings/SettingsViewModel.kt;SettingsScreen.kt:MetricItem","SettingsViewModel count flows; SettingsScreen.MetricItem","data/PortableDao.recordCounts;OrganiserRecordCounts;RecoveryRepository.recordCounts;ui/RecoveryViewModel.refreshRecordCounts;SettingsFilesScreen","Use scoped efficient counts and current Settings UI","Existing app stack; no donor build-stack transplant","Live SQL counts on encrypted organiser allowlist; private store never queried","Settings > file tools > saved organiser records > Refresh","Organiser allowlist only; private Safety excluded","m10-file-tools.md: 49 unit; 8 relevant device tests; scoped archived/historical counts and private/metadata exclusion","Implemented; host/native verified; UI acceptance pending","Unlocked Settings and large-text accessibility acceptance"
"OG-65","PIN protection intent","SettingsViewModel.kt:togglePinLock;SettingsScreen.kt:SetPinDialog","File references from matrix; symbol-level audit pending","ui/AccessViewModel.kt;MainActivity.kt;platform/BootstrapStore.kt","Keep real platform authentication; exclude fakePIN mechanism","Existing app stack; no donor build-stack transplant","Pending source audit","Pending route audit","Organiser allowlist only; private Safety excluded","Cancel/relaunch/background relock; public help still works","Pending acceptance audit","Applicable implementation and journey evidence not complete"
"OG-66","Markdown preview/copy/share intent","SteadyRepository.kt:exportDataToMarkdown;SettingsViewModel.kt","SettingsScreen Markdown copy/share; SteadyRepository Markdown export","data/ExpandedMarkdown;ui/RecoveryViewModel.copyMarkdownPreview/shareMarkdownPreview;SettingsFilesScreen;platform/MarkdownSharingAdapter","Use existing scoped organiser-only preview and explicit handoff","Existing app stack; no donor build-stack transplant","Scoped exact in-memory preview; 256KB copy/share cap; SAF save preserves large previews","Settings > file tools > export preview > explicit Copy / Open share sheet / Save","Organiser allowlist only; private Safety excluded","m10-file-tools.md: exact Unicode clip/chooser payload; sensitive flag; no recipients; unavailable/oversize failure; injected sinks avoid owner clipboard/contact actions","Implemented; host/native contract checks verified; UI acceptance pending","Unlocked actual clipboard/chooser and maximum-text journey"
"OG-67","Portable backup and restore intent","SteadyRepository.kt:exportDatabaseToJson;restoreDatabaseFromJson","File references from matrix; symbol-level audit pending","domain/BackupService.kt;data/PortableArchive.kt;data/RecoveryRepository.kt","Keep encrypted strict complete format and SAF","Existing app stack; no donor build-stack transplant","Pending source audit","Pending route audit","Organiser allowlist only; private Safety excluded","Wrongkey/corrupt/oversized atomic refusal; complete eligible roundtrip","Pending acceptance audit","Applicable implementation and journey evidence not complete"
"OG-68","Legacy OG organiser-file interoperability","SteadyRepository.kt JSON serializer/restorer","SteadyRepository.exportDatabaseToJson;restoreDatabaseFromJson","data/LegacyOgImport.kt:LegacyOgCodec/LegacyOgImporter;RecoveryRepository.importLegacy;platform/DocumentAdapter.readLegacyJsonFromUri;ui/RecoveryViewModel.prepareLegacy/confirmLegacy;SettingsFilesScreen","Explicit previewed bounded repeat-safe eligible import; excludeSafety subtree","Existing app stack; no donor build-stack transplant","Atomic encrypted append; canonical row IDs; typed receipt tombstones preserve edits/deletions/restarts/backups","Settings > file tools > Import from Steady OG > SAF file > paginated eligible preview > Append","Organiser allowlist only; private Safety excluded","m10-legacy-import.md: 48 unit; 11 relevant native; 8 concurrent repeats; refusal rollback; UTF8/bounds; private subtree exclusion","Implemented; host/native verified; unlocked file journey pending","Unlocked SAF picker/preview/accessibility journey"
"OG-69","Fast task decomposition and selected insertion","TodayViewModel.kt:decomposeStudyTaskWithAI;addDecomposedTasksToPlan;SteadyRepository.kt:breakDownTaskFast","File references from matrix; symbol-level audit pending","Gemini BYOK provider;typed task proposal;PlanItem","Preview/edit/select/apply once; validated durations","Existing app stack; no donor build-stack transplant","Pending source audit","Pending route audit","Selected organiser fields only; Safety/contacts/credentials structurally excluded","Malformed output; repeated apply; date/draft binding; offline manual fallback","Connected implementation pending","Isolated Gemini BYOK transport/protected key/exact preview/editable transactional apply and deterministic checks; live test needs owner-entered key"
"OG-70","Schedule personalization","TodayViewModel.kt:generateAiPersonalizedSchedule;SteadyRepository.kt:generateIntelligentScheduleRecommendation","File references from matrix; symbol-level audit pending","Gemini BYOK provider;typed block proposals;existing scheduler","Reuse intention; outbound preview; editable schedule and stable adoption","Existing app stack; no donor build-stack transplant","Pending source audit","Pending route audit","Selected organiser fields only; Safety/contacts/credentials structurally excluded","Cancel/date change; privacy filtering; no medical/cognitive scoring","Connected implementation pending","Isolated Gemini BYOK transport/protected key/exact preview/editable transactional apply and deterministic checks; live test needs owner-entered key"
"OG-71","Selected daily/weekly reflection rewrite","ReviewViewModel.kt:runHighThinkingDiagnostic;SteadyRepository.kt:generateDeepThinkingReview","File references from matrix; symbol-level audit pending","Gemini BYOK provider;Reflection;ui/ExpandedReview.kt","Retain optional rewriting; user chooses replacement; no diagnosis","Existing app stack; no donor build-stack transplant","Pending source audit","Pending route audit","Selected organiser fields only; Safety/contacts/credentials structurally excluded","Late response old target; preserve original; exact outbound fields","Connected implementation pending","Isolated Gemini BYOK transport/protected key/exact preview/editable transactional apply and deterministic checks; live test needs owner-entered key"
"OG-72","Provider transport/key/errors/grounding","data/ai/GeminiService.kt","File references from matrix; symbol-level audit pending","Connected variant source/manifest;provider interface;protected key storage","In-app personalBYOK; verify officialAPI; redaction; structured handling","Existing app stack; no donor build-stack transplant","Pending source audit","Pending route audit","Selected organiser fields only; Safety/contacts/credentials structurally excluded","No secrets inrepo/log/export; timeout/auth/quota/cancel; separate live test","Connected implementation pending","Isolated Gemini BYOK transport/protected key/exact preview/editable transactional apply and deterministic checks; live test needs owner-entered key"
"OG-73","Database/DAOs/Flow storage intent","data/local/AppDatabase.kt;SteadyDaos.kt;data/repository/SteadyRepository.kt","File references from matrix; symbol-level audit pending","data/SteadyDatabase.kt;data/ExpandedDao.kt;di/AppContainer.kt","Reuse compatible queries/DTOs only; keep encryption/migration ownership","Existing app stack; no donor build-stack transplant","Pending source audit","Pending route audit","Organiser allowlist only; private Safety excluded","Supported schema migrations preserve records and relationship invariants","Pending acceptance audit","Applicable implementation and journey evidence not complete"
"OG-74","Lifecycle navigation/ViewModel ownership","MainActivity.kt;ui/navigation/Screen.kt","File references from matrix; symbol-level audit pending","MainActivity.kt;ui/ExpandedNavigation.kt;existing factories","Keep destination five tabs/globalSafety and lifecycle-owned models","Existing app stack; no donor build-stack transplant","Pending source audit","Pending route audit","Organiser allowlist only; private Safety excluded","All capability routes reachable; Back; recreation; authfail public route","Pending acceptance audit","Applicable implementation and journey evidence not complete"
"OG-75","Manifest/build/signing/assets","AndroidManifest.xml;app/build.gradle.kts;gradle/libs.versions.toml;res","File references from matrix; symbol-level audit pending","app/build.gradle.kts;gradle/libs.versions.toml;AndroidManifest.xml;assets/licenses","Preserve verified targetstack/package/signer; audited selective dependency reuse","Existing app stack; no donor build-stack transplant","Pending source audit","Pending route audit","Organiser allowlist only; private Safety excluded","Merged offline/connected manifests; alignment; asset/source notices; ownerupdate","Pending acceptance audit","Applicable implementation and journey evidence not complete"
"OG-76","Tests and complete parity evidence","app/src/test/java/com/example;app/src/androidTest/java/com/example","File references from matrix; symbol-level audit pending","Existing isolatedQA tests;docs/evidence;mergeledger","Retain meaningful cases; add acceptance evidence for actual behavior","Existing app stack; no donor build-stack transplant","Pending source audit","Pending route audit","Organiser allowlist only; private Safety excluded","No ownercleanup; source/APKhash; commands/results; no scaffoldcompletion","Pending acceptance audit","Applicable implementation and journey evidence not complete"
