"coordinate","artifact_sha256","pom_sha256","licence_names","licence_urls"
"androidx.activity:activity-compose:1.8.2","5a67e984f14ed2afc585aa3a23edff1c1791c80caa2bf68a0f799c1b11a39038","26b69d9149961c0e6eb4f7c649d617b35d75ba41e13eaad02e375d030613bb79","The Apache Software License, Version 2.0","http://www.apache.org/licenses/LICENSE-2.0.txt"
"androidx.activity:activity-ktx:1.8.2","5c78283d1956b14b22cf6ad70c712a73aa084116b7535526176c3b85e6a9205a","3fd39fb96d84ce50b17a61c8a1584974851cd383357545567326c94a7171cedc","The Apache Software License, Version 2.0","http://www.apache.org/licenses/LICENSE-2.0.txt"
"androidx.activity:activity:1.8.2","ecc119262530a6e2f9f373207e472d476306bed3d4b216fe61b1ea42e3bef688","db0c1670a2f1768e10fb9ba66c841007217678abbc66bfbb1ef1c20a53249c08","The Apache Software License, Version 2.0","http://www.apache.org/licenses/LICENSE-2.0.txt"
"androidx.annotation:annotation-experimental:1.4.0","c6eb7e676011ec65b32428373d450debdfc45179c4f8b3a752174fb87c17b08a","41d2b9d879fc9221acda8e873ec7d26b153b9b8e04770ac79491e0576baef038","The Apache Software License, Version 2.0","http://www.apache.org/licenses/LICENSE-2.0.txt"
"androidx.annotation:annotation-jvm:1.7.0","e36b8e4b8393a4adc74e3d4ab22ad5a36396f0cea2e40b5734eae14937dfd224","2d3fcc12e707886992039266237f451140caa8f94c1e62e7fc4d602de345b0d7","The Apache Software License, Version 2.0","http://www.apache.org/licenses/LICENSE-2.0.txt"
"androidx.arch.core:core-common:2.2.0","65308a06b1c00ee186cb9e19321383f043b993813f1522c47f4a3e3303bdba41","1e17d4af8d6425be2a69f8af4d654a87e0456259a9eef1542869bcb023547e28","The Apache Software License, Version 2.0","http://www.apache.org/licenses/LICENSE-2.0.txt"
"androidx.arch.core:core-runtime:2.2.0","a1be5e0caa2b07623862af6ae21b3ab0718123245184d0e30dea81b53f990a47","0f953706598140d9d8735cdd5aeb1fa35933f4e2f31c0bf3eb81a053a4c8c1a5","The Apache Software License, Version 2.0","http://www.apache.org/licenses/LICENSE-2.0.txt"
"androidx.autofill:autofill:1.0.0","c9468f56e05006ea151a426c54957cd0799b8b83a579d2846dd22061f33e5ecd","3677abead5d4e06cf76cbacb954151e051779c2274494451fb424e375aa9e450","The Apache Software License, Version 2.0","http://www.apache.org/licenses/LICENSE-2.0.txt"
"androidx.collection:collection-jvm:1.4.0","d5cf7b72647c7995071588fe870450ff9c8f127f253d2d4851e161b800f67ae0","5924dea03e018e321b3d795f23fb6659726640326e0a320758ae59a67992b6da","The Apache Software License, Version 2.0","http://www.apache.org/licenses/LICENSE-2.0.txt"
"androidx.collection:collection-ktx:1.4.0","c6deada2fac53b8ea6523dbda77597b128006674616f140f04df23264c6d1aa3","e0f315d63b8e7e54ba277cdb34a58050438ba2abcf14d8272aefdcff3bc38630","The Apache Software License, Version 2.0","http://www.apache.org/licenses/LICENSE-2.0.txt"
"androidx.compose.animation:animation-android:1.6.3","138e2f191db29486c5f83178ca02d72fa8bd0758410dc61d8f2c47d6eb9a364e","99d2ddae7c6f4e7ec6d5ac55653f7713e889bb950c2f9c8afd419ed8293b19d7","The Apache Software License, Version 2.0","http://www.apache.org/licenses/LICENSE-2.0.txt"
"androidx.compose.animation:animation-core-android:1.6.3","62e9721710b777b9016c48c41cc88608db4f066acf53e2768055109722b9e901","9869d119ac6d48d1274812dee0869e781bc4c8c19705b55341acb70aefc61adb","The Apache Software License, Version 2.0","http://www.apache.org/licenses/LICENSE-2.0.txt"
"androidx.compose.foundation:foundation-android:1.6.3","372f2cb428ca16002c3b45fef006215969f4fe78a56d4f2ebd94369ca56d697d","3996cea8ddf52383a3f4ece53fc9deb1a2d0725f66a25b519a6e4643c22e80cf","The Apache Software License, Version 2.0","http://www.apache.org/licenses/LICENSE-2.0.txt"
"androidx.compose.foundation:foundation-layout-android:1.6.3","eb9722ee20317a34f4176cc38e5a29654821ecc644cefdf0cfc39c065ddaf581","774b0eda807954204742da370a5ba71cd8166b91d98c0e9d0746f867fb9b207f","The Apache Software License, Version 2.0","http://www.apache.org/licenses/LICENSE-2.0.txt"
"androidx.compose.material3:material3-android:1.2.1","d344e0d73060cde4bbc0ed64146986ca1fae0e0ec953ad9698713edd2bd11600","bff9b3e54506db7a1617b81f39ba4d3cd7b8adee47f727420c23b47e76500b13","The Apache Software License, Version 2.0","http://www.apache.org/licenses/LICENSE-2.0.txt"
"androidx.compose.material:material-android:1.6.3","2b3c679dd24763c84e62f83f872d0327c247516b07eb29aaf55c9613f38ddda2","b7738dd9a9eefadc85a822251be728809a80e10e3f9d98c495471470706407e2","The Apache Software License, Version 2.0","http://www.apache.org/licenses/LICENSE-2.0.txt"
"androidx.compose.material:material-icons-core-android:1.6.3","304b70559cb03ed02c4c5f583a1c89da0892f282aaba12ac4c205dc88682966e","d734df07be9f5e89581977b9b1058c3c632b9ea23221550aec4a76fc2618aaa5","The Apache Software License, Version 2.0","http://www.apache.org/licenses/LICENSE-2.0.txt"
"androidx.compose.material:material-icons-extended-android:1.6.3","7334991ee5d356036eec363f5ffb5f90424d075e77b63aaf699a958479820c10","b2e99618a52576cff3d619deeac27e154241073351099413acf00dff68f043b0","The Apache Software License, Version 2.0","http://www.apache.org/licenses/LICENSE-2.0.txt"
"androidx.compose.material:material-ripple-android:1.6.3","82f712b9d759558f874dc49fb99e0abd62f74e2ebde4c5047669d5a3db1102ab","925f27359e1ae2e216b2ff0068dd9594e322ab597fe2e3cbe79963d1b42d6edf","The Apache Software License, Version 2.0","http://www.apache.org/licenses/LICENSE-2.0.txt"
"androidx.compose.runtime:runtime-android:1.6.3","bca307a76fb39eedf336d6026b1616b6256ccde400990f04564a5d27d5f3cdf9","17a55fdf09655eb933890d8c6d0f2f9eb662af8ef776e49417e52684bfd3c503","The Apache Software License, Version 2.0","http://www.apache.org/licenses/LICENSE-2.0.txt"
"androidx.compose.runtime:runtime-saveable-android:1.6.3","3ee8dd49504312c82dc886467797e0db1cdc160297139879707d66221f22649c","97c9c32ee5c78d15f65f971ec5524af771903c84319634b0d5081489c95ce1a3","The Apache Software License, Version 2.0","http://www.apache.org/licenses/LICENSE-2.0.txt"
"androidx.compose.ui:ui-android:1.6.3","8e33ee8cae6b07872ff10500d0a3d8910d6ee0125b4fd051b03af1ad0555c071","0dff377d2222e193dd3e448c0a389ff3dc1fab66f2d473c9fce5d2e5e7e3997d","The Apache Software License, Version 2.0","http://www.apache.org/licenses/LICENSE-2.0.txt"
"androidx.compose.ui:ui-geometry-android:1.6.3","dc963b3661dbbab69bd6fbb2266c6972f7956d45a23951bae7052e2af4b1f31e","c5b0be23acb55a1e11387c565ad04e4d8fc454a0c2f4b5efa9f2b131e784400a","The Apache Software License, Version 2.0","http://www.apache.org/licenses/LICENSE-2.0.txt"
"androidx.compose.ui:ui-graphics-android:1.6.3","b426b669123a33a391f047481278ca0c388af125b6d362d4aa4dd9b343417f4a","415020f1e51d108ff4ce35dd867278530e02c6ec97443974979b72c9eadbe09e","The Apache Software License, Version 2.0","http://www.apache.org/licenses/LICENSE-2.0.txt"
"androidx.compose.ui:ui-test-manifest:1.6.3","e0754f4c2aa1f9025727a8e5235c23b288ae5078c5270a27fd50215bf3ae1fe2","10790bf9f8320dbe7187b7eede85969fb69ad06403598f4283b870fe41221574","The Apache Software License, Version 2.0","http://www.apache.org/licenses/LICENSE-2.0.txt"
"androidx.compose.ui:ui-text-android:1.6.3","f7a60f55642f020b341a2a7f4359ad3b938410c6ab1a9875ef89355b6a956e07","58f696228cfcbc774b8d698f802157ac62d69cbddc1528cc5d0665f25b3b6cb2","The Apache Software License, Version 2.0","http://www.apache.org/licenses/LICENSE-2.0.txt"
"androidx.compose.ui:ui-tooling-android:1.6.3","78adf81d74de63f37190a8e5fbfec46e75698c34be3581fab10992d7afb2590b","cbcb53307c61966f4480a3c926eef708b37bd0fba84e45bc5c9119ac234f753f","The Apache Software License, Version 2.0","http://www.apache.org/licenses/LICENSE-2.0.txt"
"androidx.compose.ui:ui-tooling-data-android:1.6.3","42ed128428a05227859ad298798425ae51d91d345db43c2d74c4c3f7f0d31c43","390e8546e009ce2cd2a008b5919171d9bc8491d27574ef4893474b4c448c9b86","The Apache Software License, Version 2.0","http://www.apache.org/licenses/LICENSE-2.0.txt"
"androidx.compose.ui:ui-tooling-preview-android:1.6.3","478b95747342bd1dafaad9c793227c7b56e7f0fab45b5e08565bccb0f92ac7fe","017809d419ecd9cee54442b5b9985deb59f5ad7c0ada32a785f2a068c84da962","The Apache Software License, Version 2.0","http://www.apache.org/licenses/LICENSE-2.0.txt"
"androidx.compose.ui:ui-unit-android:1.6.3","1a706198fe7b00b0a872abd23654813d1e88d1fd2211fa7910e21c4722e41223","765f0590a5a2a70a478d5b1e5ef1359787841fa5d17c1e6cf6b92008ca2d41fb","The Apache Software License, Version 2.0","http://www.apache.org/licenses/LICENSE-2.0.txt"
"androidx.compose.ui:ui-util-android:1.6.3","13829acdfc09f746ac4b4a8a2531bb4abe5d0e8338adfc3a2df6d60ce5d9e266","559a7f017d8e2b984358c19d26f2d07d1121844031661eb51b2b7e4dcbc2beff","The Apache Software License, Version 2.0","http://www.apache.org/licenses/LICENSE-2.0.txt"
"androidx.concurrent:concurrent-futures:1.1.0","0ce067c514a0d1049d1bebdf709e344ed3266fe9744275682937cdcb13334e9e","748a34eb5d13d19d187adecaea82667fded5f1b0b98a655e13ed2e4a8b3d8ae6","The Apache Software License, Version 2.0","http://www.apache.org/licenses/LICENSE-2.0.txt"
"androidx.core:core-ktx:1.12.0","95b3edaf78227b7cc8d802d11f8793a9aed292e52b8fbf8c08d6134ccb1716d3","d719c42b2aadc06e9d6f53acc540fb800501824125a016572cc6cffdad93099a","The Apache Software License, Version 2.0","http://www.apache.org/licenses/LICENSE-2.0.txt"
"androidx.core:core:1.12.0","42ffa7ca47d7ba8fe1d874c57ef9c7111bc41a2b0c0c21518a39e07d222ded8b","475f6e2210eb079471607693e65f65b333c080030d5aa22a1972c513015aa255","The Apache Software License, Version 2.0","http://www.apache.org/licenses/LICENSE-2.0.txt"
"androidx.core:core:1.12.0","42ffa7ca47d7ba8fe1d874c57ef9c7111bc41a2b0c0c21518a39e07d222ded8b","475f6e2210eb079471607693e65f65b333c080030d5aa22a1972c513015aa255","The Apache Software License, Version 2.0","http://www.apache.org/licenses/LICENSE-2.0.txt"
"androidx.customview:customview-poolingcontainer:1.0.0","3584102fc49bf399c56e3b7be4bfe12000c46112320cd8cf85cc0a8f93f3e752","9fa62196c4c4e79b6a58dbb38a8c022bef8db21989d7dae2da0f6f5b66289a9c","The Apache Software License, Version 2.0","http://www.apache.org/licenses/LICENSE-2.0.txt"
"androidx.datastore:datastore-android:1.1.1","fce724038fea3bdef7b0d1aaf10cda6614b61bec66571750cc9be7048b950119","bda80a8d1820e4c32a3053497e426688a0f815066fdaf3d460e1a4433ac28a01","The Apache Software License, Version 2.0","http://www.apache.org/licenses/LICENSE-2.0.txt"
"androidx.datastore:datastore-core-android:1.1.1","883abc911e4b14119959e44e20a520523f59c303e834d6b325007b3ee5e9cb6c","674fca3bcd7f7a5d43596803e58013647a5fd8f00854909202df47b674641fe2","The Apache Software License, Version 2.0","http://www.apache.org/licenses/LICENSE-2.0.txt"
"androidx.datastore:datastore-core-okio-jvm:1.1.1","5071d03c7be9555fd81e5bd522b490a06a89694e4b937f307da72bc74e33c34a","e2c5c4f4725f69be4c9df702590468764b11fe5ae39d1fc921a749738bf7ebda","The Apache Software License, Version 2.0","http://www.apache.org/licenses/LICENSE-2.0.txt"
"androidx.datastore:datastore-preferences-android:1.1.1","0f15760838ff0413521ab1596e8ac5c999c3822d1fcc3f38ce6d6f562aeebbac","f18eb025b908eb66cd79393fc28865e17f7b4c63c67aca687f413931a8e8a648","The Apache Software License, Version 2.0","http://www.apache.org/licenses/LICENSE-2.0.txt"
"androidx.datastore:datastore-preferences-core-jvm:1.1.1","bd2c7f41cb7d6e857903a03aa4da4dddc831445bd4148f1ac8d0a81f509d0628","939fd4a9d4ab27c32c4d3d315ff5c0528cab99165d481b92bc5bcb29da673e8d","The Apache Software License, Version 2.0","http://www.apache.org/licenses/LICENSE-2.0.txt"
"androidx.emoji2:emoji2:1.3.0","2bf23818b23a996ddaa1b5fd5bb32129daff6bbb2dce15166e2fccdd2010b1a5","14ebbea8234f013211965fdd08b42ee907ce0075af321018c8c2865c2e5db0eb","The Apache Software License, Version 2.0","http://www.apache.org/licenses/LICENSE-2.0.txt"
"androidx.interpolator:interpolator:1.0.0","33193135a64fe21fa2c35eec6688f1a76e512606c0fc83dc1b689e37add7732a","0ddc07cc39699f48ecd9ec894b5830c0f09e22e82959294edf37217224c88b7b","The Apache Software License, Version 2.0","http://www.apache.org/licenses/LICENSE-2.0.txt"
"androidx.lifecycle:lifecycle-common-java8:2.7.0","c6deada2fac53b8ea6523dbda77597b128006674616f140f04df23264c6d1aa3","c29de269fca03230d0fb5ebf9c9560950b9f9bcd540ed7fcf85c08beca1afddb","The Apache Software License, Version 2.0","http://www.apache.org/licenses/LICENSE-2.0.txt"
"androidx.lifecycle:lifecycle-common:2.7.0","533ded8ee0645a18f6653da53fe1ec5a15430e7f36a737d45e410531f30f3318","8a7c2448917f84fa6793dfe8563b49c96562d6e86eed19c642ef300d5cd16bc0","The Apache Software License, Version 2.0","http://www.apache.org/licenses/LICENSE-2.0.txt"
"androidx.lifecycle:lifecycle-livedata-core:2.7.0","af8e11b87e030d6e3107ed39adcf01fa10d6259eb15c43cba6e7b4e3ffaedf27","d8e8a0ccedc798db560c637df432159cb05ec3ad18f9b8f6648f59bd4580acd6","The Apache Software License, Version 2.0","http://www.apache.org/licenses/LICENSE-2.0.txt"
"androidx.lifecycle:lifecycle-process:2.7.0","6fb33d9473a4933da9d98a0b12b606127e80681bd9b90309ccd2c2230863b939","7b07a80cb709396b69b071ea1a9177846ed699b4b44bebb1f9bad8bbbf21a23d","The Apache Software License, Version 2.0","http://www.apache.org/licenses/LICENSE-2.0.txt"
"androidx.lifecycle:lifecycle-runtime-ktx:2.7.0","ef7033b15db27569771c3c0aeb6f92392b5654216195fe74136ea3e108912ad4","a3c506eb9cd17e53729e45008a8af51b5e557b9b5c3c37fbb66715b4c181db08","The Apache Software License, Version 2.0","http://www.apache.org/licenses/LICENSE-2.0.txt"
"androidx.lifecycle:lifecycle-runtime:2.7.0","81c6fb1dbb6a3cd7dc827d7b08e1c8142ed3a400a3422441108480e22f8937c4","fec5849eef5069ae19f0c6270d76421485f461f1025c90277b05ddd713c7e365","The Apache Software License, Version 2.0","http://www.apache.org/licenses/LICENSE-2.0.txt"
"androidx.lifecycle:lifecycle-viewmodel-compose:2.7.0","76403bb1599f6e2adc9b80372efb2674b8cbede2b0f1e6e85c4a94e10c7b94b0","2067e87812fbeff14d1aeeaa799a446603d835287f58b4c447c4c7989dd07006","The Apache Software License, Version 2.0","http://www.apache.org/licenses/LICENSE-2.0.txt"
"androidx.lifecycle:lifecycle-viewmodel-ktx:2.7.0","b492dbfc85926471367112f6d0e5d2c9991e855c5421ab37399396cc0123e2af","47efe5b29b99dfe7462c2943dc0f405875881df3d815157435a8b133a41a73ad","The Apache Software License, Version 2.0","http://www.apache.org/licenses/LICENSE-2.0.txt"
"androidx.lifecycle:lifecycle-viewmodel-savedstate:2.7.0","57c578862e219e360c6957ff0bca6f169707b1e5582d4fa593e284f7f63e33f6","df0107a734b53080a2847bfabbf8e127958b765f6d5a0d5e028281af3964623f","The Apache Software License, Version 2.0","http://www.apache.org/licenses/LICENSE-2.0.txt"
"androidx.lifecycle:lifecycle-viewmodel:2.7.0","4e1d92e289920cd7b50e3671b9191bd413407349cda6f602b0285464f41c1c82","700f289173adcd0c6144da0c692c4e40b0a83af5a1392c544da982f4aabbd48e","The Apache Software License, Version 2.0","http://www.apache.org/licenses/LICENSE-2.0.txt"
"androidx.navigation:navigation-common-ktx:2.7.7","859bfc92d936fbaf87173f57b5b918c552fadd5c5a931efe16d78e9ad865b6b7","0cfe12fe57cfb3b7748529c934072e27a2348a4778b9f6cd4a655b44b2edb16a","The Apache Software License, Version 2.0","http://www.apache.org/licenses/LICENSE-2.0.txt"
"androidx.navigation:navigation-common:2.7.7","39d9bd3bf88185bad78aaed01d8893f375dc9f0e699e5097ff6441a2dd8aaf29","84454e16e3780e009015c7d500f79e7239514e242a40a777de140a83c50e6d1c","The Apache Software License, Version 2.0","http://www.apache.org/licenses/LICENSE-2.0.txt"
"androidx.navigation:navigation-compose:2.7.7","f505aee98afa24faaba36e0aa2f8cbe9b7a58008ba2a03286a0b7a1e68ee277f","d4e7fd114f7049abe47c7be8835239f88aa1b80b66c0f4d956e2c431c9c2e7b1","The Apache Software License, Version 2.0","http://www.apache.org/licenses/LICENSE-2.0.txt"
"androidx.navigation:navigation-runtime-ktx:2.7.7","ad40c4adae848076fef41b747499a1050f4552539c0f42b74765e43a77deaeda","18f3e79872ef422b8c4cc54e2d5890aaaf7e6aae4a60da64b175b9f4abba8cf4","The Apache Software License, Version 2.0","http://www.apache.org/licenses/LICENSE-2.0.txt"
"androidx.navigation:navigation-runtime:2.7.7","0b5e075287203a36f46afb4ceda3964768a278c9b36768e4b8cbb294ef01d4f4","8252d09177f94a4010f48f699004f92ecbe2f031f4d6751946553a356851cb7e","The Apache Software License, Version 2.0","http://www.apache.org/licenses/LICENSE-2.0.txt"
"androidx.profileinstaller:profileinstaller:1.3.0","34e8b2bfc74e23c1525e3da903ae449b7f1b440aef45e18159ee470e91997f48","12cbc01c8a5ae4b412caf3c5a0662ccd28002dedcff1dbe6c2ab3665be9f758c","The Apache Software License, Version 2.0","http://www.apache.org/licenses/LICENSE-2.0.txt"
"androidx.room:room-common:2.6.1","99326d3eeca4a64671bc8802f1e45f4e6b348e8c7faba230c3854d316809ffcf","85abfe64d7dd44d1c4510a56c7e9cc2f7b0363d32b8a30060b2ac23529c3c8a3","The Apache Software License, Version 2.0","http://www.apache.org/licenses/LICENSE-2.0.txt"
"androidx.room:room-ktx:2.6.1","da4c0cba7efcafa29fbeab1db41984238f25c1a33612c1d60d63b995968d70ca","6017515ea6b0a4a9f50ebeee1e495e4c3492de69e9b49ea48e6a1234aa1e3945","The Apache Software License, Version 2.0","http://www.apache.org/licenses/LICENSE-2.0.txt"
"androidx.room:room-runtime:2.6.1","69624fd7add6ce5bfcc12362cd427341d2910e277ed5a6fcc46132a4899114d0","0e4150733d903468943f17dd9ceb4e828b26312966e2e13547a0e3aacd04299e","The Apache Software License, Version 2.0","http://www.apache.org/licenses/LICENSE-2.0.txt"
"androidx.savedstate:savedstate-ktx:1.2.1","8553f87e7136c24ec5243560f48f1c32cba56daa77722f89589a5cafcb8f7894","d09553211f6703b19aefd608d6007c77132d27a281556a8e689d92764ec27d3b","The Apache Software License, Version 2.0","http://www.apache.org/licenses/LICENSE-2.0.txt"
"androidx.savedstate:savedstate:1.2.1","21a7d4bcf6bdb94ad7b9283801529300b4fbb8808ca4f191e0cdce6fd8e4705a","0d33bc285df1e12f22780f1624a6f0b38ea2a6181b0955ec6641caf620c50cbf","The Apache Software License, Version 2.0","http://www.apache.org/licenses/LICENSE-2.0.txt"
"androidx.sqlite:sqlite-framework:2.4.0","ca6e503322b2e60374c2b36c95c50b16709d9388fe36e80fb23de1fbf7a6eb95","9b9b044d25648471793d99a0f47b0cebf7c6864f9bcd72996bcce804ff8aa7f4","The Apache Software License, Version 2.0","http://www.apache.org/licenses/LICENSE-2.0.txt"
"androidx.sqlite:sqlite-ktx:2.4.0","243f550b06e7573619912611eee6fa7ad6ab03740e17854529053278d5daa7b4","d76df2287332e39a6ece1657585573537fb1e730a3adb40a157f28fe69f70d1c","The Apache Software License, Version 2.0","http://www.apache.org/licenses/LICENSE-2.0.txt"
"androidx.sqlite:sqlite:2.4.0","bb7fa113112f7e4857496e222e3051d73a910add74bf40761e1bdae55b0216af","18ee9e9f4eeda1796a87bdf3d95b54f2f38d93db35109e9ae48433d3646092d3","The Apache Software License, Version 2.0","http://www.apache.org/licenses/LICENSE-2.0.txt"
"androidx.startup:startup-runtime:1.1.1","e0a6329a371262fe4c450372b70fdaf33b769ef6917094723787cfce896b1dd3","f4114b5c6859bb1bc3caf281cb6d6f25998fa7f7292c64ceaea74a93210e746b","The Apache Software License, Version 2.0","http://www.apache.org/licenses/LICENSE-2.0.txt"
"androidx.tracing:tracing:1.0.0","07b8b6139665b884a162eccf97891ca50f7f56831233bf25168ae04f7b568612","cd0299a90d4720d78f1cfb5ff7505f4dbc1a70d05fe23fd9f4d4b77ea59ca05e","The Apache Software License, Version 2.0","http://www.apache.org/licenses/LICENSE-2.0.txt"
"androidx.versionedparcelable:versionedparcelable:1.1.1","57e8d93260d18d5b9007c9eed3c64ad159de90c8609ebfc74a347cbd514535a4","5f51e65873ca612de3838fa90d2ee95b8d040efd31b9c390a19bf94d615cdb2f","The Apache Software License, Version 2.0","http://www.apache.org/licenses/LICENSE-2.0.txt"
"com.google.guava:listenablefuture:1.0","e4ad7607e5c0477c6f890ef26a49cb8d1bb4dffb650bab4502afee64644e3069","53873caf26bc1ed8a567ea6c939ab2aaa3f47a5e32d5cade95ddf5080d23238a","",""
"com.squareup.okio:okio-jvm:3.4.0","0139ec7a506dbbd54cad62291b019cb850534be097c8c66c1000d5fbe8edef3e","66a8857981ea6c3ec8b8613a409bf12f147965ef9498cb7a8f371728c4e2da4d","The Apache Software License, Version 2.0","http://www.apache.org/licenses/LICENSE-2.0.txt"
"net.zetetic:sqlcipher-android:4.9.0","54654692913a00047c6536845d5085ebf3bc7d29a2f9f6e351e1675b7fd5c0cc","742f005af6bdbd7321ff47bd425d0e73be8e5734ac6f4d1e51eef4a6b4f84a00","","https://www.zetetic.net/sqlcipher/license/"
"org.jetbrains.kotlin:kotlin-android-extensions-runtime:1.9.22","f00537c7023e604933f6a9563b1bb3b83e61fbfd2cc3d0e9900d616bab6862a4","73bc8813701afeca3706d55e264ce0ee4125ccfb38dfd82a0cfc05f75c3950ce","The Apache License, Version 2.0","http://www.apache.org/licenses/LICENSE-2.0.txt"
"org.jetbrains.kotlin:kotlin-parcelize-runtime:1.9.22","f0077f35ec828e148ac92d0c6aa141a732b5eb7a4a391679aeefa59fa9a1a5cc","ab8fc408b4a72aa5e3687bbcd5acdde84c84cc1828bcfe4ea5c71e8671fa94b4","The Apache License, Version 2.0","http://www.apache.org/licenses/LICENSE-2.0.txt"
"org.jetbrains.kotlin:kotlin-stdlib-jdk7:1.8.22","055f5cb24287fa106100995a7b47ab92126b81e832e875f5fa2cf0bd55693d0b","4f958aa993d5984f8f5ebed4146562a5f3a9f695b6049c9f287381379cadab33","The Apache License, Version 2.0","http://www.apache.org/licenses/LICENSE-2.0.txt"
"org.jetbrains.kotlin:kotlin-stdlib-jdk8:1.8.22","4198b0eaf090a4f25b6f7e5a59581f4314ba8c9f6cd1d13ee9d348e65ed8f707","928f2187217476313cb816d48070bc7654aa3b9a5ae81d3fc5f8c279cc8f8d9e","The Apache License, Version 2.0","http://www.apache.org/licenses/LICENSE-2.0.txt"
"org.jetbrains.kotlin:kotlin-stdlib:1.9.22","6abe146c27864138b874ccccfe5f534e3eb923c99a1b7b5d45494ee5694f3e0a","cce2f15285ec8078a37746b57308a054042dd5cc25420c43f73b7857c2468f03","The Apache License, Version 2.0","http://www.apache.org/licenses/LICENSE-2.0.txt"
"org.jetbrains.kotlinx:kotlinx-coroutines-android:1.7.3","59fffb26bee12c32dadcfa5d420c2a7db85d3253518128b170efda726613256d","020515246d19e176d5626eb118f80f97f7876d1accd8cec15b1a4159257d5054","The Apache Software License, Version 2.0","https://www.apache.org/licenses/LICENSE-2.0.txt"
"org.jetbrains.kotlinx:kotlinx-coroutines-core-jvm:1.7.3","1ab3acc38f3e7355c4f9d1ec62107a46fa73c899f3070d055e5d4373dfe67e12","753858753decbbb2397343e2b871f062f697812e9422e41c9ee46a66b93eee30","The Apache Software License, Version 2.0","https://www.apache.org/licenses/LICENSE-2.0.txt"
"org.jetbrains.kotlinx:kotlinx-serialization-core-jvm:1.6.2","8e6fc04e1a2efd2acbbc5503a1dc9d988166f99e4f1f51ef6b91c3a52077bdb1","68f828c9453a337c6e84dbfe7fd043671ac65a94417d14a128c7d1206faafafd","The Apache Software License, Version 2.0","https://www.apache.org/licenses/LICENSE-2.0.txt"
"org.jetbrains.kotlinx:kotlinx-serialization-json-jvm:1.6.2","8d2718bb042e830b12b7fb10af26d0fba43de1f1f9ffe0a6b131d4d251aac2cc","1367077583222cf0c20d88aa14c005063600d160e75ddbc919ae3e83a02c3e6a","The Apache Software License, Version 2.0","https://www.apache.org/licenses/LICENSE-2.0.txt"
"org.jetbrains:annotations:23.0.0","7b0f19724082cbfcbc66e5abea2b9bc92cf08a1ea11e191933ed43801eb3cd05","c9490f655132328df2cfbcfdf743f53fc3916d6c1d10437175a6ca6e3a67771c","The Apache Software License, Version 2.0","https://www.apache.org/licenses/LICENSE-2.0.txt"
