"relative_path","bytes","sha256","lines","prior_N_comparison","scope"
".env.example","249","2f8e863b4e6d55e37278571ebef41976b7df793d75b385ccf7a6f469841473b4","5","IDENTICAL_TO_DOCUMENTATION_N","configuration_or_documentation"
".gitignore","253","da91b936c6f9f6050067712ab64aa13281d90717f8d1b9a596ef09170f1afdd6","18","IDENTICAL_TO_DOCUMENTATION_N","configuration_or_documentation"
"app/.gitignore","7","5b46eb48d96e8571e8c93e4ef4f6ffbe6807b6d7350664a36a064e1167a32718","1","IDENTICAL_TO_DOCUMENTATION_N","configuration_or_documentation"
"app/build.gradle.kts","5057","fc2f4e7a936a205dedd94ec749ef48d68009794d362067757fd6d5bf208bb3e6","136","IDENTICAL_TO_DOCUMENTATION_N","configuration_or_documentation"
"app/src/androidTest/java/com/example/ExampleInstrumentedTest.kt","643","c6ef958cafb00dbec798a71f5be604e9cf56189676312bea40f63dd07ca0d674","22","IDENTICAL_TO_DOCUMENTATION_N","test"
"app/src/main/AndroidManifest.xml","1337","266640944be37bd01d80a5f8e1fac7ca1b7cebd159c08fb412d25ceb8a7d38e4","34","CHANGED_FROM_DOCUMENTATION_N","configuration_or_documentation"
"app/src/main/java/com/example/data/ai/GeminiService.kt","11032","1f638fd1300f99ca765a34ed830f5c0b0acd4e8a5e916d5ae4466d7b2dc3ef7e","259","IDENTICAL_TO_DOCUMENTATION_N","production_kotlin"
"app/src/main/java/com/example/data/local/AppDatabase.kt","13583","786396acbc3af098fdf9d110befe00391b85828a4661bce499a0e6b565b8edf5","307","CHANGED_FROM_DOCUMENTATION_N","production_kotlin"
"app/src/main/java/com/example/data/local/SteadyDaos.kt","5633","dda4bb1e62729d4dc36445d01c23a4dbb34415f05d22e5abe3532639438f01e3","172","CHANGED_FROM_DOCUMENTATION_N","production_kotlin"
"app/src/main/java/com/example/data/model/Entities.kt","4856","2917cb6a6185ab4e6a5964f068a47e861fc29cc7c498f83b8748e306a849a171","143","CHANGED_FROM_DOCUMENTATION_N","production_kotlin"
"app/src/main/java/com/example/data/repository/SteadyRepository.kt","27940","4bfaa49df1a2b073df3097c681c469d8c2c15f71549cfbd991b9d1fe5ff2559c","597","CHANGED_FROM_DOCUMENTATION_N","production_kotlin"
"app/src/main/java/com/example/MainActivity.kt","4513","b704a50f0714b16c22adf4d5f53f6cff883cc2d8bd53f508ed5f2939101461ec","115","IDENTICAL_TO_DOCUMENTATION_N","production_kotlin"
"app/src/main/java/com/example/receiver/FocusReminderReceiver.kt","1262","5f940c99be8ee7bf6c60878214c17de68b48c23b1ea093f6b9c83f1bb4c14986","34","NOT_IN_DOCUMENTATION_N","production_kotlin"
"app/src/main/java/com/example/ui/break_timer/audio/AmbientSoundEngine.kt","9300","811ed418cb5cc90c4bde55a802f2edfcc01f8f9c76360f5535f25cf09f6fb751","247","NOT_IN_DOCUMENTATION_N","production_kotlin"
"app/src/main/java/com/example/ui/break_timer/BreakScreen.kt","25648","58cddec3305feff28a689f4717b064c564e8e75743c2dd7416442223a57216ef","546","CHANGED_FROM_DOCUMENTATION_N","production_kotlin"
"app/src/main/java/com/example/ui/break_timer/BreakViewModel.kt","9018","8d016b1879ff07a648ed491da66bcbc413dc44031a2ff6fe1bbb63fe59ec68a8","284","CHANGED_FROM_DOCUMENTATION_N","production_kotlin"
"app/src/main/java/com/example/ui/break_timer/components/AmbientSoundGeneratorCard.kt","41208","4270ce2ad418bedd538439837b60839b82c5e8558762868bbfe3ab89a8c19d5b","949","NOT_IN_DOCUMENTATION_N","production_kotlin"
"app/src/main/java/com/example/ui/break_timer/DimScreenOverlay.kt","7466","c670fb8e612631a0fb544743a0e80be14d7413696a1be42eb8286b204e1f9338","197","IDENTICAL_TO_DOCUMENTATION_N","production_kotlin"
"app/src/main/java/com/example/ui/health/HealthScreen.kt","23805","372db5f990d0fb4a9f69031096b9f676eb3aee4350de770c261c3265e90252a9","496","IDENTICAL_TO_DOCUMENTATION_N","production_kotlin"
"app/src/main/java/com/example/ui/health/HealthViewModel.kt","6245","65b2f89544726c178a890d2a53a00113e14b057c4cc1b8e9240aed8771188e26","192","IDENTICAL_TO_DOCUMENTATION_N","production_kotlin"
"app/src/main/java/com/example/ui/navigation/Screen.kt","2122","8cb0a1db8c0d89dbc2c5edf542c234572d7d73ef13e17f6e9511e0079d4b794c","70","IDENTICAL_TO_DOCUMENTATION_N","production_kotlin"
"app/src/main/java/com/example/ui/review/components/D3WeeklyFocusChartCard.kt","20991","554a9f5d11fe8dd1e881cdda8c0d0579eb080374666444079010fe1a704d2a0a","520","NOT_IN_DOCUMENTATION_N","production_kotlin"
"app/src/main/java/com/example/ui/review/ReviewScreen.kt","25004","912ef7e4144d0f37c26d5e3590b20bef8fad6f6e163b8c9e3d77f78b641c0671","522","CHANGED_FROM_DOCUMENTATION_N","production_kotlin"
"app/src/main/java/com/example/ui/review/ReviewViewModel.kt","8050","97f7ba536011f02a4fbd51e77a532e9e37166a48e0ef7dd9b67834deef457fe8","221","CHANGED_FROM_DOCUMENTATION_N","production_kotlin"
"app/src/main/java/com/example/ui/safety/SafetyScreen.kt","32345","326ed6acbd4ebc99193dcc799d2ae5c0a0fbc32488feb7a6007a24c169c2c149","787","IDENTICAL_TO_DOCUMENTATION_N","production_kotlin"
"app/src/main/java/com/example/ui/safety/SafetyViewModel.kt","6793","013a8e7115efc9338a08b0407d60eec87a247281fb28b2772942ac1d416d0a24","180","IDENTICAL_TO_DOCUMENTATION_N","production_kotlin"
"app/src/main/java/com/example/ui/settings/SettingsScreen.kt","27118","418270914912309473c259d405d3f9600cf8d228ae3f65016a9213c4061873cd","590","IDENTICAL_TO_DOCUMENTATION_N","production_kotlin"
"app/src/main/java/com/example/ui/settings/SettingsViewModel.kt","4946","44c683b421d62bc9c127f0aee3393ec1312a4494990308426c327500c01bf4d9","141","IDENTICAL_TO_DOCUMENTATION_N","production_kotlin"
"app/src/main/java/com/example/ui/theme/Color.kt","928","e4b615318ef76b2d6fabc05924c4d923966cf018750c92d444041c2767b313ad","31","IDENTICAL_TO_DOCUMENTATION_N","production_kotlin"
"app/src/main/java/com/example/ui/theme/Theme.kt","2437","4cb111b3473de496011a2369dd7089430d12e61e9d2016b277d2aa5f81b1ff07","77","IDENTICAL_TO_DOCUMENTATION_N","production_kotlin"
"app/src/main/java/com/example/ui/theme/Type.kt","994","4d1ed9437091dd4506aa51c0e040b7e0168bf90f3b0a1e7c266ac362e6c89d69","36","IDENTICAL_TO_DOCUMENTATION_N","production_kotlin"
"app/src/main/java/com/example/ui/today/components/BlossomHabitMatrix.kt","17937","6f5adb4030365a2fc64ca8debdaf4750777101553a511fd580ea2fff07a9c6b1","419","IDENTICAL_TO_DOCUMENTATION_N","production_kotlin"
"app/src/main/java/com/example/ui/today/components/BrainMealSuggestionCard.kt","29576","c082b696a0987b28656a3e2ff2efe4a15dd74b4c2511481050a2cb26c3312e65","606","NOT_IN_DOCUMENTATION_N","production_kotlin"
"app/src/main/java/com/example/ui/today/components/CircadianHorizonChart.kt","13263","f8a8165a1cb3a429130889d5b9fae0f80925ace181adc1b22338d030a76f23bb","329","IDENTICAL_TO_DOCUMENTATION_N","production_kotlin"
"app/src/main/java/com/example/ui/today/components/HabitTrackerComponent.kt","23996","7c5ddcf465d3d832666fa5ab91019418d058f5aa160a275b74b66245b1914ba1","599","NOT_IN_DOCUMENTATION_N","production_kotlin"
"app/src/main/java/com/example/ui/today/components/KineticTriRings.kt","17533","f5f234d7d2aba0ebc909562b93ec122c7b3611557289d921ee7341cfee2ad3a8","390","IDENTICAL_TO_DOCUMENTATION_N","production_kotlin"
"app/src/main/java/com/example/ui/today/components/RegainImpulseShieldCard.kt","10614","533a493efee3dc071532ef6bee383e641331e3367d0bf53ee681cb40638968cd","257","IDENTICAL_TO_DOCUMENTATION_N","production_kotlin"
"app/src/main/java/com/example/ui/today/components/StudyBlockSchedulerCard.kt","28612","4899b6758fac707c72495f05669f7119296dcbe76a441f3e0c8c27316b1c12a2","667","NOT_IN_DOCUMENTATION_N","production_kotlin"
"app/src/main/java/com/example/ui/today/TodayScreen.kt","48142","44588ce30e15be3786bf1e39277317e88501683c1df31806109de8050f648595","1193","CHANGED_FROM_DOCUMENTATION_N","production_kotlin"
"app/src/main/java/com/example/ui/today/TodayViewModel.kt","20635","e86b28cfd5dc28237549ae4c5e3aca8926058d332a48237ecd64ef57225ab8c7","535","CHANGED_FROM_DOCUMENTATION_N","production_kotlin"
"app/src/main/java/com/example/util/FocusNotificationManager.kt","7775","35f4fced649cf9c08883c2fadfc9e0d4c03823d15f2fb04b378211aef61c9d92","207","NOT_IN_DOCUMENTATION_N","production_kotlin"
"app/src/main/res/drawable/ic_launcher_background.xml","1080","fe65a2866f33b843f999eafd6d7664f512d6436c8d8a07003aee9af48d1985c8","28","IDENTICAL_TO_DOCUMENTATION_N","resource"
"app/src/main/res/drawable/ic_launcher_foreground.xml","1515","5280590a125bd045cc805f3712af2998dcdafc082dc7b0a6c210d517b953d605","36","IDENTICAL_TO_DOCUMENTATION_N","resource"
"app/src/main/res/drawable/img_campfire_portal.xml","4070","da3976d6a0990a9e6501e2e99f63fa5576b5b496082b0eb2f1ac3c85da560c53","100","NOT_IN_DOCUMENTATION_N","resource"
"app/src/main/res/drawable/img_nature_portal.xml","7208","99f802dd82eecd4b21b8b61439f3fa3556281eff4bafba916b0567476ab48061","176","NOT_IN_DOCUMENTATION_N","resource"
"app/src/main/res/drawable/img_rain_portal.xml","5228","3fb11f7efbf4dcc066501145f5ad2f8fa8180911d475480760fc427bb8fd6190","113","NOT_IN_DOCUMENTATION_N","resource"
"app/src/main/res/mipmap-anydpi-v26/ic_launcher_round.xml","344","6d0988175971f41bdc83eadb144af3d84c40052fa125e90edbe7d89227be4b25","6","IDENTICAL_TO_DOCUMENTATION_N","resource"
"app/src/main/res/mipmap-anydpi-v26/ic_launcher.xml","344","6d0988175971f41bdc83eadb144af3d84c40052fa125e90edbe7d89227be4b25","6","IDENTICAL_TO_DOCUMENTATION_N","resource"
"app/src/main/res/values/colors.xml","379","57681038afd005dcd260eabdd6d16619709c4a3fe20324362ea00e093e85b5fd","10","IDENTICAL_TO_DOCUMENTATION_N","resource"
"app/src/main/res/values/strings.xml","69","f0927e8701b2d1631c2729859a13c3fc0a1349fe3a50d9422be5e93531dec5f0","3","IDENTICAL_TO_DOCUMENTATION_N","resource"
"app/src/main/res/values/themes.xml","155","e8288b65767f4f28854d168c7b19c308579d3703bdf3fc26c2b266e19148f465","5","IDENTICAL_TO_DOCUMENTATION_N","resource"
"app/src/main/res/xml/backup_rules.xml","479","173c90cbeb773e6a65b430581a85720dc5c7ddba17d543cfefe3d2aed9b9a7a4","13","IDENTICAL_TO_DOCUMENTATION_N","resource"
"app/src/main/res/xml/data_extraction_rules.xml","552","30ae995624fd57d839bf0d638900f8d2c17c703d6e7d6c8640708a8a7cac2402","19","IDENTICAL_TO_DOCUMENTATION_N","resource"
"app/src/test/java/com/example/ExampleRobolectricTest.kt","780","84e87adcabe732913e34809633eb4553acca93ab87348c1a6024263b9193852d","27","IDENTICAL_TO_DOCUMENTATION_N","test"
"app/src/test/java/com/example/ExampleUnitTest.kt","1678","689db35d817d8235b6c7d5d3a18d5fa217bcf7cd04ac926e636da88b1b839033","44","CHANGED_FROM_DOCUMENTATION_N","test"
"build.gradle.kts","361","aae50bb56871bbe6495e5fad0c011ae00ba6da06678ed4b5f7299bbf296a7f54","8","IDENTICAL_TO_DOCUMENTATION_N","configuration_or_documentation"
"gradle.properties","1546","f46953b0506c51c9af9d2bba4e41d36a11f6b2e4e76cc064b73a794a61b248a5","28","IDENTICAL_TO_DOCUMENTATION_N","configuration_or_documentation"
"gradle/libs.versions.toml","6979","7dc531ea3db5ab3a6f0785d30ec318c0945c6adb55232592b11fae6bfc4e4f71","104","IDENTICAL_TO_DOCUMENTATION_N","configuration_or_documentation"
"gradle/wrapper/gradle-wrapper.properties","252","a180163249c7252412ddaee1c7adcf59f6494b1183136f690fbd9a3b8aaed00e","7","IDENTICAL_TO_DOCUMENTATION_N","configuration_or_documentation"
"metadata.json","265","7c9fba3136d48d5fc15a1c9d10617a8ba4fae8ca7c3d15257a26f8a04580398e","6","IDENTICAL_TO_DOCUMENTATION_N","configuration_or_documentation"
"README.md","1148","df7b5e85a36a1b83fce18eac28555d5d3e8ed790d5832f4f4c63e42fbdcc8d43","22","IDENTICAL_TO_DOCUMENTATION_N","configuration_or_documentation"
"settings.gradle.kts","546","f66b50d82af1681df9be890fb0d3bf890ecbbe17f6b370a35e265124b45ed394","27","IDENTICAL_TO_DOCUMENTATION_N","configuration_or_documentation"
