"id","area","capability","donor_source","donor_assessment","destination_target","integration_decision","acceptance_required"
"OG-01","Plan","Create/edit/remove categorized prioritized tasks with duration/time","ui/today/TodayScreen.kt;ui/today/TodayViewModel.kt;data/model/Entities.kt","Reachable; date pinned at initialization; editing repository exists","ui/ExpandedToday.kt;data/ExpandedRepository.kt;data/ExpandedEntities.kt","Keep stronger destination CRUD and bind donor actions","Restart; reschedule; save error retains draft"
"OG-02","Plan","Complete and undo task; daily completion summary","ui/today/TodayViewModel.kt;ui/today/TodayScreen.kt","Reachable boolean completion with basic totals","ui/ExpandedToday.kt;data/ExpandedRepository.kt","Keep existing record-derived implementation","Repeated actions; exact totals; empty and Pause states"
"OG-03","Scheduler","Morning/afternoon/evening proposal windows with duration/task/primer","ui/today/TodayViewModel.kt:computeSuggestedBlocks;ui/today/components/StudyBlockSchedulerCard.kt","Reachable; fixed times and unsupported cognitive scores","ui/ExpandedToday.kt;ui/TaskTimeline.kt;domain","Reuse proposal workflow; editable templates; remove physiological inference","Edit times; conflicts; no fabricated personalized scores"
"OG-04","Scheduler","Adopt block into Today","ui/today/TodayViewModel.kt:adoptStudyBlock","Reachable; title-substring adoption; no durable association","data/ExpandedRepository.kt;data/ExpandedEntities.kt;ui/ExpandedToday.kt","Add stable proposal/plan association and idempotent apply","Rename adopted task; double tap; relaunch; no duplicate"
"OG-05","Scheduler","Per-block reminder toggle/cancel and lead time","ui/today/TodayViewModel.kt:toggleBlockReminder;util/FocusNotificationManager.kt","Reachable; in-memory schedule state; hash IDs","platform/RoutineReminders.kt;platform/ActivityAlarmAdapter.kt","Extend current scheduling with durable block identity","Schedule; reschedule; cancel; deleted task; reboot policy"
"OG-06","Scheduler","Global focus reminder preference","ui/today/TodayViewModel.kt:toggleProactiveRemindersGlobal","Reachable; disabling does not cancel existing alarms","data/ExpandedProfile;ui/ReminderSettingsEditor.kt;platform/RoutineReminders.kt","Persist and cancel outstanding reminders when disabled","Disable after scheduling; restart; no stale alert"
"OG-07","Scheduler","Notification permission request and state","ui/today/components/StudyBlockSchedulerCard.kt:checkAndRequestPermission","Reachable; permission result ignored","ui/ExpandedFocus.kt;platform/NotificationAdapter.kt","Reuse platform permission flow; resume relevant pending action","Grant; deny; revoke; no lost proposal"
"OG-08","Scheduler","Immediate test reminder","ui/today/TodayViewModel.kt:triggerTestFocusNotification","Reachable; genuine notification call not device verified","platform/NotificationAdapter.kt;ui/ReminderSettingsEditor.kt","Explicitly labeled generic test action","Denied permission honest; no private text in notification"
"OG-09","Scheduler","Reminder content tap opens appropriate destination","util/FocusNotificationManager.kt;receiver/FocusReminderReceiver.kt","Intent sends OPEN_SCREEN; MainActivity does not consume it","MainActivity.kt;ui/ExpandedNavigation.kt;platform","Wire authenticated destination and stale-target fallback","Tap relevant task; lock; removed target; public Safety retained"
"OG-10","Habits","Add/delete habit; category/color/schedule intent","ui/today/components/HabitTrackerComponent.kt:AddHabitDialog;ui/today/TodayViewModel.kt","Reachable basic definition with daily completion on definition","data/HabitDefinition;data/HabitVersion;ui/ExpandedToday.kt","Keep richer historical versioning; map optional presentation metadata","Edit effective day; archive retains history; no destructive deletion"
"OG-11","Habits","Habit completion and undo","data/repository/SteadyRepository.kt:toggleHabitCompletion","Reachable; increments stored streak without date continuity","data/ExpandedRepository.kt;domain/ActivityRules.kt:HabitRules","Keep per-occurrence logs and duplicate protection","Duplicate events; undo twice; new day; scheduled vs not due"
"OG-12","Habits","Daily habit momentum summary","ui/today/components/HabitTrackerComponent.kt:HabitTrackerSection","Reachable summary based on current definitions","ui/ExpandedToday.kt;ui/DashboardMetrics.kt","Bind to eligible dated occurrences","Skipped/Pause/Minimum correct denominators; zero/empty"
"OG-13","Habits","Current/best consistency summary","ui/today/components/HabitTrackerComponent.kt:StreakBadge","Reachable; seeded/incremental streak not genuine history","domain/HabitRules;ui/ExpandedToday.kt;ui/ExpandedReview.kt","Optional neutral derived summary; no compulsory reward","Defined scheduled-day semantics; archive/edit/skip/Pause"
"OG-14","Habits","Seven-day visual history","ui/today/components/HabitTrackerComponent.kt:StreakWeekVisualizer","Reachable; fixed weekday labels and inferred dots","ui/ExpandedReview.kt;data/HabitOccurrence","Reuse history interaction using actual dates/states","Date shift; effective versions; genuine zero vs missing; readable list"
"OG-15","Blossom","Water/focus/pause/movement mini-summary matrix","ui/today/components/BlossomHabitMatrix.kt","Defined not invoked; several fixed counts; habit list mainly count","ui/ExpandedToday.kt;ui/DashboardMetrics.kt;ui/ExpandedReview.kt","Use current cards; bind all summaries to supporting records","Each displayed count matches records and opens details"
"OG-16","Water","Quick serving addition and target progress","ui/today/components/BlossomHabitMatrix.kt;data/repository/SteadyRepository.kt:addWaterSip","Dormant matrix; repository cap5L and nonzero defaults","ui/ExpandedHealth.kt;data/WaterLog;ui/DashboardSettingsEditor.kt","Keep configurable serving logs and undo; remove cap/default activity","Custom serving; undo; no target; edit/delete exact totals"
"OG-17","Rings","Three animated concentric progress channels and legends","ui/today/components/KineticTriRings.kt","Defined not invoked; arcs omit individual bounds","ui/ExpandedComponents.kt:MetricRing;ui/DashboardMetrics.kt;ui/ExpandedFocus.kt:FocusRings","Reuse valid geometry/behavior with existing UI; fix bounds","Independent arcs; zero/absent goals; finite/clamped progress; reduced motion"
"OG-18","Rings","Calories/steps/active-time channels and goal values","data/model/Entities.kt:KineticDailyTelemetry;ui/today/components/KineticTriRings.kt","Nonzero defaults and unverified sensor labels","data/ActivityObservation;data/EnergyEstimate;data/ExpandedProfile","Keep configurable channels; only source-backed metrics or explicit estimates","Unknown is unavailable; no seeded calories/steps; overlap handled"
"OG-19","Rings","Live sensor/elevation/calorie-rate ticker","ui/today/components/KineticTriRings.kt","Fixed labels/values; no supporting flow","platform/PlatformSensors.kt;ui/ExpandedHealthWidgets.kt","Account as unsupported source claims; enable only genuine capabilities","Unavailable by default; actual provenance; no fake gyro/posture"
"OG-20","Horizon","Day curve and colored event markers","ui/today/components/CircadianHorizonChart.kt","Reachable fixed curve with no data inputs","ui/TaskTimeline.kt;ui/ExpandedHealthWidgets.kt","Retain horizon meaning with actual plan/activity or explicit self-report","Real dates/units; no physiological readiness interpretation"
"OG-21","Horizon","Current-time pulsing beacon","ui/today/components/CircadianHorizonChart.kt","Reachable fixed x/y labeled Now","ui/TaskTimeline.kt;domain/LogicalDayPolicy.kt","Bind injected clock to horizon and reduced-motion preference","Boundary/date changes; marker accurate; nonvisual current-time label"
"OG-22","Horizon","Study/workout/reflection schedule nodes","ui/today/components/CircadianHorizonChart.kt","Reachable fixed times and titles","ui/TaskTimeline.kt;ui/ExpandedToday.kt","Use real supporting events and destination navigation","Changed/rescheduled/deleted record reflected; tap routes correctly"
"OG-23","Focus","Four study/rest presets and subject entry","ui/break_timer/BreakViewModel.kt;ui/break_timer/BreakScreen.kt","Reachable in-memory timer setup","ui/ExpandedFocus.kt;data/ActivityRepository.kt","Keep persisted presets plus custom/open-ended and associations","Selected preset survives appropriate state; no silent active reset"
"OG-24","Focus","Start/pause/resume/reset/mode switch","ui/break_timer/BreakViewModel.kt","CountDownTimer and UI state; no process recovery","data/ActivityRepository.kt;domain/ActivityRules.kt;platform/ActivityAlarmAdapter.kt","Bind actions to existing durable activity engine","Paused time excluded; rotation/process death; stale callback"
"OG-25","Focus","Skip next phase and save completed/partial session","ui/break_timer/BreakViewModel.kt:skipToNextPhase;logCompletedStudySession","Full preset minutes and rating5 saved on skip; async mutable snapshot","data/ActivityRepository.kt;ui/ExpandedFocus.kt","Correct to actual immutable snapshot; optional rating","2m skip25m records2m; zero/discard; duplicate finish only once"
"OG-26","Focus","Study-to-break and break-to-study transition","ui/break_timer/BreakViewModel.kt:switchToBreakPhase;switchToStudyPhase","Reachable; break duration not persisted as actual history","data/ActivitySession;data/ActivitySegment;ui/ExpandedFocus.kt","Persist phase transitions and actual rest separately","Partial/skip/cancel break totals; portable round-trip; recreation"
"OG-27","Focus","Timer ring/countdown/session count/recent session list","ui/break_timer/BreakScreen.kt;ui/break_timer/BreakViewModel.kt","Reachable; source durations inaccurate on skip","ui/ExpandedFocus.kt;ui/ExpandedReview.kt","Keep current timer UI; real totals/detail actions","Time read action; no second-by-second TalkBack; max text"
"OG-28","Focus","Dim screen exit and comfortable breathing","ui/break_timer/DimScreenOverlay.kt","Reachable dark surface and fixed breathing cycle","ui/ExpandedFocus.kt;ui/ExpandedToday.kt:PocketReset","Keep current dim layout; skippable comfortable prompts","Exit/Stop/Safety; insets; motion off; brightness restoration if changed"
"OG-29","Pause","Adjustable voluntary practice duration and countdown","ui/today/components/RegainImpulseShieldCard.kt","Reachable practice only; local count starting4; breath-hold wording","ui/ExpandedFocus.kt:VoluntaryPause;data/InterruptionEvent","Keep voluntary outcomes/bypass; factual duration/count; no forced hold","Pause exit; completed/returned/bypassed counts from recorded events"
"OG-30","Pause","App-blocking and time-saved claims","ui/today/components/RegainImpulseShieldCard.kt","Claims locked apps and38m saved; no interception service","platform/UsageInterceptor.kt;ui/ExpandedUsageInsights.kt","Correct claims; usage summaries distinct from gate capability","No Active without service; revoked/unsupported remains usable"
"OG-31","Audio","Forest/rain/brown/white/modulated-tone/campfire generation","ui/break_timer/audio/AmbientSoundEngine.kt","Real mono PCM generation; not audibly verified this audit","platform/AudioSoundscapeEngine.kt","Port compatible generator after provenance review; honest labels","All six nonempty bounded samples; actual device playback"
"OG-32","Audio","Play/stop/release and real playing state","ui/break_timer/audio/AmbientSoundEngine.kt:start;stop;release","No audio-focus policy; races/errors insufficient","platform/AudioSoundscapeEngine.kt;di/AppContainer.kt","Replace mocked destination player and harden lifecycle","Initialization/write failure; fast start/stop; interruption; cleanup"
"OG-33","Audio","Sound selection during playback","ui/break_timer/BreakViewModel.kt:selectAmbientSound","Reachable switching shared generator state","platform/AudioSoundscapeEngine.kt;ui/ExpandedFocus.kt:AmbientSoundscape","Bind current sound pills to real engine","Rapid sound change; no stale writer; selection truthful"
"OG-34","Audio","Independent0..1 volume","ui/break_timer/BreakViewModel.kt:setAmbientVolume;AmbientSoundGeneratorCard.kt","Reachable PCM multiplier","platform/AudioSoundscapeEngine.kt;ui/ExpandedFocus.kt","Reuse bounded volume and accessible control","Mute audible; clamp finite values; independent completion cue"
"OG-35","Audio","Opt-in timer-linked auto-play/pause","ui/break_timer/BreakViewModel.kt;AmbientSoundGeneratorCard.kt","Reachable; preference in memory","data/ExpandedProfile or encrypted preferences;ui/ExpandedFocus.kt","Persist opt-in; couple real activity lifecycle; independent manual mode","Start/pause/resume/finish/discard; disabled remains silent"
"OG-36","Audio","Three nature scene choices and sound association","AmbientSoundGeneratorCard.kt:NatureLandscapeScene;res/drawable/img_*_portal.xml","Reachable offline vector scenes; destination already has copies","ui/ExpandedFocus.kt;res/drawable/img_*_portal.xml","Reuse assets once; preserve current design and manual override","All scene selections; no unintended auto-switch; notices/provenance"
"OG-37","Audio","Full-screen portal play/volume/close","AmbientSoundGeneratorCard.kt:FocusPortalFullscreenDialog","Reachable; fixed inset offsets/small exit","ui/ExpandedFocus.kt;ui/ExpandedComponents.kt:DialogSurface","Integrate existing full-screen style; controls functional and Safety available","Back/close/Safety; max text; navigation bars; playback policy"
"OG-38","Audio","Animated sound bars and breathing decoration","AmbientSoundGeneratorCard.kt:AudioWaveVisualizer","Decorative repeated animation not waveform analysis","ui/ExpandedFocus.kt;ui/SteadyTheme.kt","Retain optional decorative behavior in current style","Reduced-motion static state; no health/signal interpretation"
"OG-39","Audio","Image-generation quota dialog","AmbientSoundGeneratorCard.kt:showAiQuotaDialog","Fixed invented quota statement; no generation flow","ui/ExpandedFocus.kt;ui/LicensesScreen.kt","Exclude false claim; factual asset provenance only","No fictitious account quota or generated-image capability"
"OG-40","Movement","Five donor workout modes","ui/health/HealthViewModel.kt:availableModes;HealthScreen.kt","Defined dormant Health screen; OpenGym is label only","ui/ExpandedHealth.kt;ui/WorkoutControls.kt","Retain stronger seven destination modes and useful manual templates","Each mode reachable; no implied external integration"
"OG-41","Movement","Workout start/cancel/finish and elapsed display","ui/health/HealthViewModel.kt","In-memory tick count; no pause; duration/calorie inflation","data/ActivityRepository.kt;ui/ExpandedHealth.kt","Keep durable time and explicit partial/discard flow","Canceled/zero length adds no artificial work; restart; pause exclusion"
"OG-42","Movement","Manual rep increment and notes","ui/health/HealthViewModel.kt:incrementRep;finishAndSaveWorkout","Dormant; UI finish passes empty notes","ui/ExpandedHealth.kt:SetEditor;data/ExerciseSet","Keep sets/reps/load/rest; integrate functional notes/count choice","Manual rep/set corrections; notes persisted; bodyweight valid"
"OG-43","Movement","Workout history/delete and totals","data/repository/SteadyRepository.kt:logWorkout;deleteWorkout;HealthViewModel.kt","Incremental totals drift after deletion","ui/ExpandedReview.kt;data/ActivityRepository.kt","Derive/recompute from underlying records","Edit/delete updates all rings/charts/history"
"OG-44","Movement","MET activity energy estimate","ui/health/HealthViewModel.kt;data/model/Entities.kt:WorkoutSession","Assumed70kg; minimum10kcal; formula labeled Xiaomi","data/EnergyEstimate;domain;ui/ExpandedHealth.kt","Optional explicit estimate with verified method and real inputs","No weight means no estimate; zero valid; gross/active/overlap documented"
"OG-45","Movement","Steps/cadence/sensor interpretation","ui/health/HealthViewModel.kt:finishAndSaveWorkout;KineticTriRings.kt","Steps=minutes*120; no donor sensor adapter","platform/PlatformSensors.kt;data/ActivityObservation","Observed source or unavailable; replace current fixed168SPM","Permission/device/reboot/reset/timestamps; stop releases listener"
"OG-46","Food","Custom food idea create/detail/favorite/delete","ui/today/TodayViewModel.kt;TodayScreen.kt:FoodIdeaCard;FoodDetailDialog;AddCustomFoodDialog","Reachable basic library; default medical-style benefits","data/FoodIdeaRecord;ui/ExpandedHealth.kt:FoodEditor;ui/FoodIdeasSheet.kt","Keep richer editable library and neutral factual language","Edit/favorite/delete/restart; drafts on error; avoidance not guarantee"
"OG-47","Food","Prep-time choices and pantry/custom ingredients","ui/today/components/BrainMealSuggestionCard.kt","Reachable5/10/15/25 presets and chips","ui/FoodIdeasSheet.kt;ui/ExpandedHealth.kt;connected proposal editor","Retain input functionality using current UI and encrypted draft policy","Selection and custom input retained on cancel/error/recreation"
"OG-48","Food","Meal type and chosen context","BrainMealSuggestionCard.kt:selectedMealType;selectedGoal","Meal type stored but no picker; neurological goals unsupported","ui/ExpandedHealth.kt;connected meal proposal editor","Functional meal-type choice; neutral optional context","Every advertised option changes request preview"
"OG-49","Food","Search recipe ideas with Google grounding","data/ai/GeminiService.kt;TodayViewModel.kt:searchFoodIdeasWithGoogle","HTTP path; success unverified; queries labeled verified","Connected provider interface;structured recipe proposal","Port intent in Gemini BYOK variant with actual sources","Offline/quota/cancel; no fake citations or malformed accepted recipe"
"OG-50","Food","Constrained generated meal result","SteadyRepository.kt:recommendIntelligentBrainMeal;parseBrainMealSuggestion","Marker parser and fabricated fallback ingredients/benefits","Connected provider;FoodIdeaRecord;typed proposal","Bounded structured validation and edit preview; no invented successful parse","Missing/invalid fields rejected; user limits; no clinical promise"
"OG-51","Food","Save generated/searched recipe into ideas/favorites","TodayViewModel.kt:saveBrainMealToIdeas;saveSearchedFoodToIdeas","Reachable; searched recipe saves raw text under generic fields","data/ExpandedRepository.kt;FoodIdeaRecord","Apply selected edited recipe once with provenance","Repeated apply; failure retained; genuine title/ingredients/instructions"
"OG-52","Food","Schedule meal as Food task/break","TodayViewModel.kt:scheduleMealAsBreak","Reachable; fixed default slot and inferred duration","data/PlanItem;ui/ExpandedToday.kt;ui/TaskTimeline.kt","Editable date/time/duration proposal; scheduling distinct from eating","No automatic meal log/activity; adoption identity; reschedule"
"OG-53","Review","Selected day/recent dates/past review navigation","ui/review/ReviewViewModel.kt;ReviewScreen.kt","Reachable seven recent dates; asynchronous subscriptions","ui/ExpandedReview.kt;domain/LogicalDayPolicy.kt","Keep week/month/arbitrary-date navigation and historical snapshots","Date changes and late results do not overwrite another day"
"OG-54","Review","Paired daily focus/rest bars and minute axes","ui/review/components/D3WeeklyFocusChartCard.kt","Reachable grouped bars; CDN dependency; fallback SVG","ui/ExpandedReview.kt;native chart or audited offline renderer","Retain graph behavior in destination styling; no runtimeCDN","Offline rendering; sparse/empty/dense; real focus/rest exact fixture"
"OG-55","Review","Totals and focus ratio","D3WeeklyFocusChartCard.kt;ReviewViewModel.kt:computeWeeklyFocusBreakMetrics","Historical fallback values; rest22%; empty80%","PeriodSnapshot;ActivitySegment;domain aggregation","Actual durations; nullable zero-denominator ratio","Zero vs missing; partial breaks; edits/deletes; boundary split"
"OG-56","Review","Tap day bar to inspect data","D3WeeklyFocusChartCard.kt:showTooltip;buildD3Html","Reachable tooltip only; supporting record route absent","ui/ExpandedReview.kt supporting records","Preserve selection/detail plus supporting records and readable list","Touch/TalkBack/keyboard; units/labels exact; select real records"
"OG-57","Review","Optional mood/energy/highlight/obstacle/tomorrow reflection","ReviewViewModel.kt:saveReview;ReviewScreen.kt","Reachable with default ratings and draft reset risk","data/Reflection;ui/ExpandedReview.kt","Keep nullable owner-entered fields and richer prompts","Unsaved typing retained; history updates preserve prose"
"OG-58","Safety","Public country help directory and selection","ui/safety/SafetyViewModel.kt:computeNumbers;SafetyScreen.kt","Reachable after DB; region grouped assumptions; unverified channels","ui/PublicSafetyPanel.kt;platform/BootstrapStore.kt;domain/SafetyModels.kt","Keep independent shell; verified per-region data and review date","Airplane/lock/corruptstores/authcancel; correct region/service/channel"
"OG-59","Safety","Private extra notes with category/create/edit/delete/pin","SafetyViewModel.kt;SafetyScreen.kt:AddEditSafetyNoteDialog;SafetyNoteCard","Reachable in ordinary organiserRoom; unsafe export","data/PrivateSafetyRepository.kt;ui/SafetyScreen.kt;private schema","Add equivalent additional notes only in encrypted private store","Migration; drafts; restart; export/prompt exclusion; no screenshots"
"OG-60","Safety","On-screen privacy mask","SafetyViewModel.kt:togglePrivacyShield;SafetyScreen.kt","Reachable visual mask only","ui/SafetyScreen.kt;MainActivity.kt secure/auth contract","Reuse mask as supplement to real auth and secure window","Masked/nonvisual content policy; auth/recents remains enforced"
"OG-61","Safety","Trusted/campus contacts editor","SafetyViewModel.kt:updateCustomContacts;SafetyScreen.kt:ConfigureContactsDialog","Reachable but only ViewModel state","data/PrivateSafetyRepository.kt;domain/SupportContact;ui/SafetyScreen.kt","Persist encrypted contacts; keep distinct from public directory","Restart; invalid input; no ordinary export/AI"
"OG-62","Safety","Dial and SMS composer","SafetyScreen.kt:dialNumber;sendSosSms;EmergencyNumberRow","System intents; errors swallowed; SMS offered to unsupported services","platform/DialerAdapter.kt;ui/SafetyScreen.kt","Explicit dial/composer preview for applicable channel; visible failure","No automatic send/call; no app handler; no live emergency test"
"OG-63","Safety","Sensory grounding sequence","SafetyScreen.kt:SensoryGroundingDialog","Reachable5-4-3-2-1 steps and blanket safe affirmation","ui/SafetyScreen.kt;ui/ExpandedToday.kt:PocketReset","Port optional skippable content; avoid safety assertion","Exit/help every step; max text; no mandatory breath hold"
"OG-64","Settings","Record count summary","ui/settings/SettingsViewModel.kt;SettingsScreen.kt:MetricItem","Reachable counts load all source data","ui/ExpandedSettings.kt;data/ExpandedRepository.kt","Use scoped efficient counts and current Settings UI","Counts correct; decade-sized data; privacy boundary"
"OG-65","Settings","PIN protection intent","SettingsViewModel.kt:togglePinLock;SettingsScreen.kt:SetPinDialog","UI-only PIN; no enforcement or persistence","ui/AccessViewModel.kt;MainActivity.kt;platform/BootstrapStore.kt","Keep real platform authentication; exclude fakePIN mechanism","Cancel/relaunch/background relock; public help still works"
"OG-66","Files","Markdown preview/copy/share intent","SteadyRepository.kt:exportDataToMarkdown;SettingsViewModel.kt","Reachable includes privateSafety and misleading offline wording","data/ExpandedMarkdown.kt;domain/MarkdownExport.kt;ui/SettingsFilesScreen.kt","Use existing scoped organiser-only preview and explicit handoff","Exact range/categories; noSafety/contacts; cancel/error not success"
"OG-67","Files","Portable backup and restore intent","SteadyRepository.kt:exportDatabaseToJson;restoreDatabaseFromJson","Plaintext; incomplete non-atomic restore; missing IDs/types","domain/BackupService.kt;data/PortableArchive.kt;data/RecoveryRepository.kt","Keep encrypted strict complete format and SAF","Wrongkey/corrupt/oversized atomic refusal; complete eligible roundtrip"
"OG-68","Files","Legacy OG organiser-file interoperability","SteadyRepository.kt JSON serializer/restorer","Exports plans/sessions/foods/reviews/Safety; no habits/workouts","platform/DocumentAdapter.kt;data/RecoveryRepository.kt;legacy parser if needed","Explicit previewed bounded repeat-safe eligible import; excludeSafety subtree","Deterministic IDs; dates; malformed no partial write; no fabricated absent data"
"OG-69","AI","Fast task decomposition and selected insertion","TodayViewModel.kt:decomposeStudyTaskWithAI;addDecomposedTasksToPlan;SteadyRepository.kt:breakDownTaskFast","Reachable request; arbitrary lines inserted as20m tasks","Gemini BYOK provider;typed task proposal;PlanItem","Preview/edit/select/apply once; validated durations","Malformed output; repeated apply; date/draft binding; offline manual fallback"
"OG-70","AI","Schedule personalization","TodayViewModel.kt:generateAiPersonalizedSchedule;SteadyRepository.kt:generateIntelligentScheduleRecommendation","Reachable text request; no structured apply; speculative scores","Gemini BYOK provider;typed block proposals;existing scheduler","Reuse intention; outbound preview; editable schedule and stable adoption","Cancel/date change; privacy filtering; no medical/cognitive scoring"
"OG-71","AI","Selected daily/weekly reflection rewrite","ReviewViewModel.kt:runHighThinkingDiagnostic;SteadyRepository.kt:generateDeepThinkingReview","Reachable request and directsave; clinical labels; mutable date race","Gemini BYOK provider;Reflection;ui/ExpandedReview.kt","Retain optional rewriting; user chooses replacement; no diagnosis","Late response old target; preserve original; exact outbound fields"
"OG-72","AI","Provider transport/key/errors/grounding","data/ai/GeminiService.kt","BuildConfig key inURL; model IDs unverified; raw errors; loose text","Connected variant source/manifest;provider interface;protected key storage","In-app personalBYOK; verify officialAPI; redaction; structured handling","No secrets inrepo/log/export; timeout/auth/quota/cancel; separate live test"
"OG-73","Platform","Database/DAOs/Flow storage intent","data/local/AppDatabase.kt;SteadyDaos.kt;data/repository/SteadyRepository.kt","PlainRoom; destructive fallback; schema exportfalse; seeded activity","data/SteadyDatabase.kt;data/ExpandedDao.kt;di/AppContainer.kt","Reuse compatible queries/DTOs only; keep encryption/migration ownership","Supported schema migrations preserve records and relationship invariants"
"OG-74","Platform","Lifecycle navigation/ViewModel ownership","MainActivity.kt;ui/navigation/Screen.kt","Remember-created VMs; noHealth tab; public help afterDB","MainActivity.kt;ui/ExpandedNavigation.kt;existing factories","Keep destination five tabs/globalSafety and lifecycle-owned models","All capability routes reachable; Back; recreation; authfail public route"
"OG-75","Platform","Manifest/build/signing/assets","AndroidManifest.xml;app/build.gradle.kts;gradle/libs.versions.toml;res","Internet/backup enabled; differentpackage; absent configuredkey/wrapperlaunchers","app/build.gradle.kts;gradle/libs.versions.toml;AndroidManifest.xml;assets/licenses","Preserve verified targetstack/package/signer; audited selective dependency reuse","Merged offline/connected manifests; alignment; asset/source notices; ownerupdate"
"OG-76","Verification","Tests and complete parity evidence","app/src/test/java/com/example;app/src/androidTest/java/com/example","Six declared tests mainly examples; not run thisaudit","Existing isolatedQA tests;docs/evidence;mergeledger","Retain meaningful cases; add acceptance evidence for actual behavior","No ownercleanup; source/APKhash; commands/results; no scaffoldcompletion"
